test_loss,accuracy,f1score,precision,recall,accuracy_per_0,accuracy_per_1,accuracy_per_2,accuracy_per_3,accuracy_per_4,accuracy_per_5,accuracy_per_6,accuracy_per_7,accuracy_per_8,accuracy_per_9,node_id,epoch
2.3038708775188215,0.1,0.01818181818181818,0.01,0.1,0.0,0.0,0.0,0.0,1.0,0.0,0.0,0.0,0.0,0.0,0,0
2.3038708775188215,0.1,0.01818181818181818,0.01,0.1,0.0,0.0,0.0,0.0,1.0,0.0,0.0,0.0,0.0,0.0,1,0
2.3038708775188215,0.1,0.01818181818181818,0.01,0.1,0.0,0.0,0.0,0.0,1.0,0.0,0.0,0.0,0.0,0.0,2,0
2.3038708775188215,0.1,0.01818181818181818,0.01,0.1,0.0,0.0,0.0,0.0,1.0,0.0,0.0,0.0,0.0,0.0,3,0
2.3038708775188215,0.1,0.01818181818181818,0.01,0.1,0.0,0.0,0.0,0.0,1.0,0.0,0.0,0.0,0.0,0.0,4,0
2.3038708775188215,0.1,0.01818181818181818,0.01,0.1,0.0,0.0,0.0,0.0,1.0,0.0,0.0,0.0,0.0,0.0,5,0
2.3038708775188215,0.1,0.01818181818181818,0.01,0.1,0.0,0.0,0.0,0.0,1.0,0.0,0.0,0.0,0.0,0.0,6,0
2.3038708775188215,0.1,0.01818181818181818,0.01,0.1,0.0,0.0,0.0,0.0,1.0,0.0,0.0,0.0,0.0,0.0,7,0
2.3038708775188215,0.1,0.01818181818181818,0.01,0.1,0.0,0.0,0.0,0.0,1.0,0.0,0.0,0.0,0.0,0.0,8,0
2.3038708775188215,0.1,0.01818181818181818,0.01,0.1,0.0,0.0,0.0,0.0,1.0,0.0,0.0,0.0,0.0,0.0,9,0
2.3038708775188215,0.1,0.01818181818181818,0.01,0.1,0.0,0.0,0.0,0.0,1.0,0.0,0.0,0.0,0.0,0.0,10,0
2.3038708775188215,0.1,0.01818181818181818,0.01,0.1,0.0,0.0,0.0,0.0,1.0,0.0,0.0,0.0,0.0,0.0,11,0
2.3038708775188215,0.1,0.01818181818181818,0.01,0.1,0.0,0.0,0.0,0.0,1.0,0.0,0.0,0.0,0.0,0.0,12,0
2.3038708775188215,0.1,0.01818181818181818,0.01,0.1,0.0,0.0,0.0,0.0,1.0,0.0,0.0,0.0,0.0,0.0,13,0
2.3038708775188215,0.1,0.01818181818181818,0.01,0.1,0.0,0.0,0.0,0.0,1.0,0.0,0.0,0.0,0.0,0.0,14,0
5.149384230470505,0.3231,0.23593969291676037,0.2243635545344898,0.3231,0.907,0.769,0.945,0.61,0.0,0.0,0.0,0.0,0.0,0.0,0,1
4.0362015212305815,0.3416,0.25056677211357864,0.22884717585612346,0.3416,0.653,0.903,0.96,0.9,0.0,0.0,0.0,0.0,0.0,0.0,1,1
5.424796636873921,0.3304,0.24400747014580984,0.22291119169958346,0.33039999999999997,0.697,0.937,0.968,0.702,0.0,0.0,0.0,0.0,0.0,0.0,2,1
8.597147537877385,0.1995,0.06958480419494813,0.042617174972930716,0.1995,0.0,0.0,0.0,0.0,0.996,0.999,0.0,0.0,0.0,0.0,3,1
8.062046459307686,0.2053,0.08268436030142166,0.05669538795485164,0.20529999999999998,0.0,0.0,0.0,0.0,0.959,0.999,0.095,0.0,0.0,0.0,4,1
8.56515465300685,0.1984,0.06967338861039836,0.095452170259369,0.1984,0.0,0.0,0.0,0.0,0.007,1.0,0.977,0.0,0.0,0.0,5,1
8.504765163214444,0.199,0.06892539925133453,0.042070121036310894,0.199,0.0,0.0,0.0,0.0,0.0,0.999,0.991,0.0,0.0,0.0,6,1
25.451438922089892,0.1,0.01818181818181818,0.01,0.1,0.0,0.0,0.0,0.0,0.0,1.0,0.0,0.0,0.0,0.0,7,1
8.09058311419746,0.1989,0.06937350272232305,0.042480000000000004,0.1989,0.0,0.0,0.0,0.0,0.0,0.999,0.99,0.0,0.0,0.0,8,1
8.288643923811257,0.2185,0.09272985670481033,0.06268778228325492,0.2185,0.0,0.0,0.0,0.0,0.988,0.999,0.198,0.0,0.0,0.0,9,1
10.854245383899432,0.2669,0.16584517505028767,0.1400835145725748,0.2669,0.0,0.0,0.0,0.0,0.0,0.0,0.0,0.967,0.995,0.707,10,1
9.511341014228309,0.2719,0.1643497820269999,0.1335986973075761,0.2719,0.0,0.0,0.0,0.0,0.0,0.0,0.0,0.982,0.988,0.749,11,1
10.100324978081943,0.2826,0.17228923015645467,0.13745799865220093,0.2826,0.0,0.0,0.0,0.0,0.0,0.0,0.0,0.925,0.987,0.914,12,1
10.677403769934902,0.2714,0.16407648632766425,0.13356078502418062,0.2714,0.0,0.0,0.0,0.0,0.0,0.0,0.0,0.981,0.991,0.742,13,1
11.30714424882834,0.2744,0.16665074800596677,0.13556026330833246,0.2744,0.0,0.0,0.0,0.0,0.0,0.0,0.0,0.986,0.987,0.771,14,1
5.503543537645675,0.3324,0.24222164448700867,0.2253786021119463,0.33240000000000003,0.889,0.791,0.96,0.684,0.0,0.0,0.0,0.0,0.0,0.0,0,2
4.637088509794241,0.3365,0.24175882565111734,0.22238191286526554,0.3365,0.573,0.897,0.961,0.934,0.0,0.0,0.0,0.0,0.0,0.0,1,2
5.900314561856059,0.3486,0.2592350906911602,0.23736436506351813,0.3486,0.708,0.912,0.969,0.897,0.0,0.0,0.0,0.0,0.0,0.0,2,2
8.830027077525568,0.2012,0.0734957875270608,0.05664670979527418,0.2012,0.0,0.0,0.0,0.0,0.998,0.999,0.015,0.0,0.0,0.0,3,2
9.311938825125893,0.246,0.11260551717267482,0.07315015210879625,0.246,0.0,0.0,0.0,0.0,0.834,1.0,0.626,0.0,0.0,0.0,4,2
9.557024204692901,0.2464,0.1180154088406656,0.0787401349207866,0.2464,0.0,0.0,0.0,0.0,0.882,1.0,0.582,0.0,0.0,0.0,5,2
9.475777400568271,0.1997,0.06945380689869418,0.0424795459427451,0.1997,0.0,0.0,0.0,0.0,0.0,1.0,0.997,0.0,0.0,0.0,6,2
14.38496362667876,0.1005,0.020199073398015865,0.011503892466858495,0.10049999999999999,0.0,0.0,0.0,0.0,0.005,1.0,0.0,0.0,0.0,0.0,7,2
8.544315898761202,0.2043,0.07993756980319937,0.0806886894732625,0.2043,0.0,0.0,0.0,0.0,0.056,0.999,0.988,0.0,0.0,0.0,8,2
8.528352691723516,0.2552,0.11904711874819532,0.07839020849564632,0.2552,0.0,0.0,0.0,0.0,0.753,0.999,0.8,0.0,0.0,0.0,9,2
12.907109632278784,0.2701,0.16559229150622046,0.13707807043628262,0.2701,0.0,0.0,0.0,0.0,0.0,0.0,0.0,0.973,0.995,0.733,10,2
11.013735862585683,0.2717,0.16330077422215838,0.13226298618248827,0.27169999999999994,0.0,0.0,0.0,0.0,0.0,0.0,0.0,0.987,0.99,0.74,11,2
11.500366412031765,0.2826,0.1720916490057189,0.13727909930750332,0.2826,0.0,0.0,0.0,0.0,0.0,0.0,0.0,0.938,0.988,0.9,12,2
13.022039853726714,0.2726,0.1642380601372661,0.13301728411009542,0.2726,0.0,0.0,0.0,0.0,0.0,0.0,0.0,0.985,0.99,0.751,13,2
12.005599995390675,0.2756,0.16668706489582868,0.13459958397998256,0.2756,0.0,0.0,0.0,0.0,0.0,0.0,0.0,0.983,0.988,0.785,14,2
5.588830695746425,0.3499,0.25307816711742437,0.22884228843115695,0.3499,0.883,0.889,0.964,0.763,0.0,0.0,0.0,0.0,0.0,0.0,0,3
4.985444381214179,0.3427,0.2341514249142808,0.20653951224474634,0.3427,0.638,0.885,0.955,0.949,0.0,0.0,0.0,0.0,0.0,0.0,1,3
5.889711621470345,0.3472,0.25478540446093756,0.23300530186413523,0.3472,0.688,0.901,0.97,0.913,0.0,0.0,0.0,0.0,0.0,0.0,2,3
9.47012069659492,0.2227,0.09626560205082346,0.06546140618095389,0.22269999999999998,0.0,0.0,0.0,0.0,0.994,1.0,0.233,0.0,0.0,0.0,3,3
9.500873206141657,0.2477,0.11367133541161104,0.07379201937873883,0.24770000000000003,0.0,0.0,0.0,0.0,0.903,0.999,0.575,0.0,0.0,0.0,4,3
9.971410489310852,0.2332,0.10294994042130638,0.06746326238884484,0.2332,0.0,0.0,0.0,0.0,0.97,1.0,0.362,0.0,0.0,0.0,5,3
10.253773576535355,0.2009,0.07212515070486342,0.09626929267236088,0.2009,0.0,0.0,0.0,0.0,0.014,1.0,0.995,0.0,0.0,0.0,6,3
20.502151370429385,0.1,0.01819174094960888,0.010006003602161296,0.1,0.0,0.0,0.0,0.0,0.0,1.0,0.0,0.0,0.0,0.0,7,3
9.032361696322505,0.2303,0.10751422690291597,0.07790394735022865,0.2303,0.0,0.0,0.0,0.0,0.357,0.999,0.947,0.0,0.0,0.0,8,3
8.985908793184324,0.2536,0.11876818248575098,0.0788356421792961,0.2536,0.0,0.0,0.0,0.0,0.702,0.999,0.835,0.0,0.0,0.0,9,3
15.07219207629609,0.2683,0.16385229971651077,0.13584983190632247,0.2683,0.0,0.0,0.0,0.0,0.0,0.0,0.0,0.971,0.995,0.717,10,3
12.10601364842619,0.2726,0.16410189522459362,0.1329203044004843,0.2726,0.0,0.0,0.0,0.0,0.0,0.0,0.0,0.985,0.992,0.749,11,3
12.74077774846135,0.2827,0.1720620383680474,0.13735650806329175,0.2827,0.0,0.0,0.0,0.0,0.0,0.0,0.0,0.954,0.989,0.884,12,3
14.005938802664271,0.2736,0.16475059959874025,0.13306390390855277,0.27359999999999995,0.0,0.0,0.0,0.0,0.0,0.0,0.0,0.986,0.99,0.76,13,3
12.900695432108432,0.2762,0.16703586693526443,0.1346395320428301,0.2762,0.0,0.0,0.0,0.0,0.0,0.0,0.0,0.982,0.988,0.792,14,3
5.678848994806552,0.3558,0.2454524319793981,0.21522303506173807,0.3558,0.903,0.891,0.959,0.805,0.0,0.0,0.0,0.0,0.0,0.0,0,4
4.948979390695834,0.3452,0.2269098570043641,0.19199928688255002,0.3452,0.658,0.888,0.956,0.95,0.0,0.0,0.0,0.0,0.0,0.0,1,4
5.861377214090512,0.3519,0.24430800990336382,0.21629975029101284,0.3519,0.72,0.908,0.965,0.926,0.0,0.0,0.0,0.0,0.0,0.0,2,4
9.670317000855272,0.2328,0.10328207832386878,0.06857913187007621,0.23279999999999998,0.0,0.0,0.0,0.0,0.985,1.0,0.343,0.0,0.0,0.0,3,4
9.6560477098337,0.2396,0.10782314237684668,0.07012346003706837,0.23959999999999998,0.0,0.0,0.0,0.0,0.971,0.998,0.427,0.0,0.0,0.0,4,4
10.644713095582713,0.238,0.1062261196672977,0.06928118104006016,0.238,0.0,0.0,0.0,0.0,0.961,1.0,0.419,0.0,0.0,0.0,5,4
11.50722392298543,0.1998,0.07087127175464887,0.07147905246839154,0.1998,0.0,0.0,0.0,0.0,0.01,1.0,0.988,0.0,0.0,0.0,6,4
15.738683447670251,0.1061,0.0285066349404641,0.02549852326470538,0.1061,0.0,0.0,0.0,0.0,0.02,1.0,0.041,0.0,0.0,0.0,7,4
9.786528658943054,0.2446,0.11503877177883763,0.07844677451658963,0.2446,0.0,0.0,0.0,0.0,0.536,0.999,0.911,0.0,0.0,0.0,8,4
9.58857033580256,0.2538,0.11782790564716003,0.07736643762330707,0.2538,0.0,0.0,0.0,0.0,0.73,1.0,0.808,0.0,0.0,0.0,9,4
16.001553992493847,0.2728,0.1681170960643849,0.13862063050204693,0.27280000000000004,0.0,0.0,0.0,0.0,0.0,0.0,0.0,0.964,0.995,0.769,10,4
13.047636179878308,0.2746,0.16582755033914168,0.13405651661220766,0.2746,0.0,0.0,0.0,0.0,0.0,0.0,0.0,0.984,0.994,0.768,11,4
13.472433475640635,0.2838,0.17274730863188975,0.13765371909125995,0.2838,0.0,0.0,0.0,0.0,0.0,0.0,0.0,0.94,0.99,0.908,12,4
14.940263303324057,0.2749,0.1656459677858904,0.13341425261298448,0.2749,0.0,0.0,0.0,0.0,0.0,0.0,0.0,0.983,0.99,0.776,13,4
14.04556879067954,0.2782,0.16861769301311327,0.13584378407002137,0.2782,0.0,0.0,0.0,0.0,0.0,0.0,0.0,0.981,0.992,0.809,14,4
5.565120508876472,0.3588,0.24107067225113346,0.20770288841809018,0.3588,0.915,0.892,0.958,0.823,0.0,0.0,0.0,0.0,0.0,0.0,0,5
4.834791175854472,0.3518,0.2229885444198904,0.18330905051404026,0.3518,0.73,0.887,0.95,0.951,0.0,0.0,0.0,0.0,0.0,0.0,1,5
5.708344887620725,0.354,0.23808191284371807,0.2042750567433365,0.354,0.736,0.913,0.964,0.927,0.0,0.0,0.0,0.0,0.0,0.0,2,5
10.24949033572651,0.2395,0.10749447870577158,0.07043812930112939,0.2395,0.0,0.0,0.0,0.0,0.968,1.0,0.427,0.0,0.0,0.0,3,5
10.030972921048491,0.247,0.11272965402165451,0.07314492296259396,0.24700000000000003,0.0,0.0,0.0,0.0,0.919,0.999,0.552,0.0,0.0,0.0,4,5
11.568706622138953,0.2524,0.1173136159469839,0.07687955300124497,0.2524,0.0,0.0,0.0,0.0,0.863,1.0,0.661,0.0,0.0,0.0,5,5
11.72178340034363,0.2033,0.077179349881382,0.0588736664728145,0.20329999999999998,0.0,0.0,0.0,0.0,0.047,1.0,0.986,0.0,0.0,0.0,6,5
15.873431440359488,0.1131,0.036377413918094556,0.03081763034631505,0.1131,0.0,0.0,0.0,0.0,0.038,1.0,0.093,0.0,0.0,0.0,7,5
10.13964276725111,0.2495,0.11696190860260511,0.07846866355270288,0.2495,0.0,0.0,0.0,0.0,0.604,0.999,0.892,0.0,0.0,0.0,8,5
10.035913414086778,0.2552,0.11856944550487485,0.07789541204740527,0.2552,0.0,0.0,0.0,0.0,0.737,1.0,0.815,0.0,0.0,0.0,9,5
17.426472404894355,0.262,0.15937743684271394,0.13410586702621294,0.262,0.0,0.0,0.0,0.0,0.0,0.0,0.0,0.975,0.995,0.65,10,5
13.895847585635444,0.2773,0.16804816861414454,0.13550029455826723,0.2773,0.0,0.0,0.0,0.0,0.0,0.0,0.0,0.981,0.994,0.798,11,5
14.928028822706912,0.2844,0.17346496219737823,0.13861673793471668,0.2844,0.0,0.0,0.0,0.0,0.0,0.0,0.0,0.963,0.99,0.891,12,5
15.573734508916592,0.2758,0.16657406215970635,0.13422707931476854,0.2758,0.0,0.0,0.0,0.0,0.0,0.0,0.0,0.982,0.99,0.786,13,5
14.400086040314013,0.2777,0.16818465310635955,0.13551825969878412,0.2777,0.0,0.0,0.0,0.0,0.0,0.0,0.0,0.982,0.992,0.803,14,5
5.622934378754978,0.3597,0.2445911405775396,0.21436176475310384,0.3597,0.921,0.894,0.958,0.824,0.0,0.0,0.0,0.0,0.0,0.0,0,6
5.170178983919918,0.3509,0.2268517939550277,0.18776887028081277,0.3509,0.723,0.885,0.95,0.951,0.0,0.0,0.0,0.0,0.0,0.0,1,6
5.709861206170469,0.3564,0.23237410501048297,0.1931554523583458,0.3564,0.754,0.915,0.962,0.933,0.0,0.0,0.0,0.0,0.0,0.0,2,6
10.319923338417809,0.2403,0.10804986630734179,0.07060143564397083,0.2403,0.0,0.0,0.0,0.0,0.965,1.0,0.438,0.0,0.0,0.0,3,6
10.395107598350451,0.2488,0.11376110570530291,0.07383350797748674,0.2488,0.0,0.0,0.0,0.0,0.916,0.999,0.573,0.0,0.0,0.0,4,6
11.649114237044946,0.2506,0.11505796412727709,0.07491248577618817,0.25060000000000004,0.0,0.0,0.0,0.0,0.91,1.0,0.596,0.0,0.0,0.0,5,6
12.386704368713184,0.1996,0.07196774531355432,0.05350133009350071,0.1996,0.0,0.0,0.0,0.0,0.019,1.0,0.977,0.0,0.0,0.0,6,6
12.00910185548825,0.2395,0.10725017734610427,0.07047497312502854,0.2395,0.0,0.0,0.0,0.0,0.963,1.0,0.432,0.0,0.0,0.0,7,6
10.996258504093646,0.2439,0.11358978756777996,0.07684772160531819,0.2439,0.0,0.0,0.0,0.0,0.522,0.999,0.918,0.0,0.0,0.0,8,6
10.018938424107366,0.257,0.11894202239139647,0.07763641956630928,0.257,0.0,0.0,0.0,0.0,0.805,1.0,0.765,0.0,0.0,0.0,9,6
17.95407195289295,0.2671,0.16367623647060747,0.13648738668815732,0.2671,0.0,0.0,0.0,0.0,0.0,0.0,0.0,0.974,0.995,0.702,10,6
14.4183342433966,0.2731,0.1646865236305899,0.13365388040210094,0.2731,0.0,0.0,0.0,0.0,0.0,0.0,0.0,0.989,0.994,0.748,11,6
15.456437415589159,0.2851,0.17398398015442978,0.13876670138506192,0.2851,0.0,0.0,0.0,0.0,0.0,0.0,0.0,0.929,0.991,0.931,12,6
16.388072924872937,0.2764,0.16704284711688633,0.13465115773552208,0.27640000000000003,0.0,0.0,0.0,0.0,0.0,0.0,0.0,0.982,0.993,0.789,13,6
15.11403650216782,0.2762,0.16693400415378404,0.13485377880475985,0.2762,0.0,0.0,0.0,0.0,0.0,0.0,0.0,0.987,0.992,0.783,14,6
5.670297179359217,0.3601,0.24608183365211697,0.21676131109702745,0.3601,0.927,0.896,0.959,0.819,0.0,0.0,0.0,0.0,0.0,0.0,0,7
5.0266413559167145,0.3577,0.2348804302767901,0.19488252485386323,0.3577,0.787,0.898,0.941,0.951,0.0,0.0,0.0,0.0,0.0,0.0,1,7
5.806524266069308,0.3601,0.2303429051238727,0.18833425793276154,0.3601,0.789,0.922,0.96,0.93,0.0,0.0,0.0,0.0,0.0,0.0,2,7
10.493038578155323,0.2446,0.11081556593718286,0.0721552186514357,0.24459999999999998,0.0,0.0,0.0,0.0,0.945,1.0,0.501,0.0,0.0,0.0,3,7
9.74623952049036,0.2436,0.11049915601507024,0.07184838452254264,0.24359999999999998,0.0,0.0,0.0,0.0,0.95,0.999,0.487,0.0,0.0,0.0,4,7
11.304416179656982,0.2511,0.11531078593531055,0.07509289980415385,0.2511,0.0,0.0,0.0,0.0,0.906,1.0,0.605,0.0,0.0,0.0,5,7
12.833322729165562,0.2078,0.08350644007024706,0.05815474167442617,0.20779999999999998,0.0,0.0,0.0,0.0,0.109,1.0,0.969,0.0,0.0,0.0,6,7
12.095519238005812,0.2435,0.10994344252300507,0.07174755509559591,0.2435,0.0,0.0,0.0,0.0,0.94,1.0,0.495,0.0,0.0,0.0,7,7
10.772379323697319,0.2432,0.11326837575557218,0.07637419428877729,0.2432,0.0,0.0,0.0,0.0,0.514,0.999,0.919,0.0,0.0,0.0,8,7
10.554336429023133,0.2577,0.11995183730018599,0.07884038410607451,0.2577,0.0,0.0,0.0,0.0,0.766,1.0,0.811,0.0,0.0,0.0,9,7
18.811005162735718,0.2666,0.16367792160983013,0.13681405706308497,0.2666,0.0,0.0,0.0,0.0,0.0,0.0,0.0,0.973,0.995,0.698,10,7
14.716647626492923,0.2771,0.16803238696584527,0.13567432391426143,0.2771,0.0,0.0,0.0,0.0,0.0,0.0,0.0,0.983,0.994,0.794,11,7
16.06861338447839,0.2852,0.17406191580848068,0.13879673266609371,0.2852,0.0,0.0,0.0,0.0,0.0,0.0,0.0,0.926,0.99,0.936,12,7
16.77795674930365,0.2778,0.16799433724466212,0.1351383534729198,0.2778,0.0,0.0,0.0,0.0,0.0,0.0,0.0,0.982,0.993,0.803,13,7
15.377445872980184,0.277,0.16758659849703084,0.13514273961275608,0.277,0.0,0.0,0.0,0.0,0.0,0.0,0.0,0.982,0.992,0.796,14,7
5.7688857694022575,0.3613,0.2483393375412179,0.21950714910415972,0.3613,0.933,0.904,0.957,0.819,0.0,0.0,0.0,0.0,0.0,0.0,0,8
5.090828727990294,0.3589,0.23798717810982892,0.19821867168215832,0.3589,0.794,0.904,0.937,0.954,0.0,0.0,0.0,0.0,0.0,0.0,1,8
5.917752951478806,0.3613,0.22983494710234753,0.1872857175806221,0.36130000000000007,0.8,0.923,0.959,0.931,0.0,0.0,0.0,0.0,0.0,0.0,2,8
10.480698093438681,0.25,0.11407371101739787,0.07406676000296952,0.25,0.0,0.0,0.0,0.0,0.923,1.0,0.577,0.0,0.0,0.0,3,8
9.900779909980944,0.2457,0.11191292004030695,0.07270236033558572,0.24569999999999997,0.0,0.0,0.0,0.0,0.938,0.999,0.52,0.0,0.0,0.0,4,8
11.373681274085,0.2572,0.1196707517606781,0.07843501695305949,0.2572,0.0,0.0,0.0,0.0,0.865,1.0,0.707,0.0,0.0,0.0,5,8
12.626407272899494,0.2118,0.0874122833149222,0.06127484045731073,0.2118,0.0,0.0,0.0,0.0,0.142,1.0,0.976,0.0,0.0,0.0,6,8
12.230471844109484,0.2417,0.10853474275798276,0.07103822809267601,0.24169999999999997,0.0,0.0,0.0,0.0,0.962,1.0,0.455,0.0,0.0,0.0,7,8
11.571209366710042,0.2434,0.11392398879112013,0.0772542510635199,0.2434,0.0,0.0,0.0,0.0,0.513,0.999,0.922,0.0,0.0,0.0,8,8
10.743788205777495,0.2561,0.11898860345791724,0.07817003830873764,0.2561,0.0,0.0,0.0,0.0,0.735,1.0,0.826,0.0,0.0,0.0,9,8
18.899115464938717,0.2743,0.16867726075863784,0.13879116929096483,0.27430000000000004,0.0,0.0,0.0,0.0,0.0,0.0,0.0,0.98,0.995,0.768,10,8
14.975136292247345,0.2765,0.1675825290828376,0.13566230374198301,0.2765,0.0,0.0,0.0,0.0,0.0,0.0,0.0,0.99,0.994,0.781,11,8
16.968903285626787,0.2864,0.17518833144910234,0.13996438625902155,0.2864,0.0,0.0,0.0,0.0,0.0,0.0,0.0,0.953,0.991,0.92,12,8
17.031548463498442,0.2787,0.16866367995401105,0.1355896558540563,0.2787,0.0,0.0,0.0,0.0,0.0,0.0,0.0,0.983,0.993,0.811,13,8
16.226860445528366,0.2775,0.16817178920983394,0.13597828141424756,0.27749999999999997,0.0,0.0,0.0,0.0,0.0,0.0,0.0,0.989,0.993,0.793,14,8
5.859667285943565,0.3623,0.24990604432313748,0.22126261861647065,0.3623,0.935,0.906,0.958,0.824,0.0,0.0,0.0,0.0,0.0,0.0,0,9
5.221433199251803,0.3619,0.24224893628249805,0.20301707455975476,0.3619,0.852,0.901,0.92,0.946,0.0,0.0,0.0,0.0,0.0,0.0,1,9
6.11736854958458,0.3622,0.2307269449651838,0.18828548863397343,0.36219999999999997,0.806,0.924,0.961,0.931,0.0,0.0,0.0,0.0,0.0,0.0,2,9
10.676434727141652,0.2465,0.11187078102443437,0.07273805245613116,0.2465,0.0,0.0,0.0,0.0,0.94,1.0,0.525,0.0,0.0,0.0,3,9
9.965486002425417,0.2469,0.11278127144833454,0.07327766052405274,0.24689999999999998,0.0,0.0,0.0,0.0,0.939,0.999,0.531,0.0,0.0,0.0,4,9
11.546977814013204,0.2585,0.12065549863589002,0.07927331984289199,0.2585,0.0,0.0,0.0,0.0,0.84,1.0,0.745,0.0,0.0,0.0,5,9
12.528613894892196,0.2424,0.11198534101910704,0.075957627238503,0.2424,0.0,0.0,0.0,0.0,0.497,1.0,0.927,0.0,0.0,0.0,6,9
12.425376075525254,0.25,0.11402297246654666,0.07421745110191788,0.25,0.0,0.0,0.0,0.0,0.916,1.0,0.584,0.0,0.0,0.0,7,9
11.567597483674557,0.2481,0.1157751823913371,0.07752973194209556,0.2481,0.0,0.0,0.0,0.0,0.569,0.999,0.913,0.0,0.0,0.0,8,9
10.94431972351318,0.2547,0.11867746630214167,0.078395239741638,0.2547,0.0,0.0,0.0,0.0,0.696,1.0,0.851,0.0,0.0,0.0,9,9
19.46660447958559,0.2678,0.1616099117009592,0.1337166951797823,0.2678,0.0,0.0,0.0,0.0,0.0,0.0,0.0,0.996,0.995,0.687,10,9
15.522074775573925,0.277,0.1682273459094593,0.13630239919894582,0.277,0.0,0.0,0.0,0.0,0.0,0.0,0.0,0.989,0.994,0.787,11,9
17.290837476809564,0.2842,0.1732276775339759,0.13814787126900233,0.28419999999999995,0.0,0.0,0.0,0.0,0.0,0.0,0.0,0.895,0.989,0.958,12,9
16.70361876563904,0.2802,0.16964144313608004,0.1359962847104057,0.2802,0.0,0.0,0.0,0.0,0.0,0.0,0.0,0.983,0.993,0.826,13,9
16.476890822949883,0.277,0.16764052260296491,0.13578129424954707,0.277,0.0,0.0,0.0,0.0,0.0,0.0,0.0,0.993,0.993,0.784,14,9
6.049910490505231,0.3618,0.2512897207674015,0.22380053878210848,0.3618,0.943,0.911,0.954,0.81,0.0,0.0,0.0,0.0,0.0,0.0,0,10
5.492475449467619,0.3656,0.2477640411004483,0.20942787307272978,0.36560000000000004,0.904,0.91,0.913,0.929,0.0,0.0,0.0,0.0,0.0,0.0,1,10
6.274084909274555,0.3642,0.23359329377214239,0.19124939275328093,0.3642,0.828,0.929,0.96,0.925,0.0,0.0,0.0,0.0,0.0,0.0,2,10
11.103792332231809,0.2485,0.1130474265336616,0.07346072549232849,0.24850000000000003,0.0,0.0,0.0,0.0,0.931,1.0,0.554,0.0,0.0,0.0,3,10
10.602284049073727,0.2545,0.1173995843144066,0.07629790251326526,0.2545,0.0,0.0,0.0,0.0,0.9,0.999,0.646,0.0,0.0,0.0,4,10
11.753921808907018,0.2604,0.12220128507373121,0.08070092200597723,0.2604,0.0,0.0,0.0,0.0,0.823,1.0,0.781,0.0,0.0,0.0,5,10
12.779517752674822,0.2263,0.10066622319363586,0.07027491568128044,0.2263,0.0,0.0,0.0,0.0,0.299,1.0,0.964,0.0,0.0,0.0,6,10
12.724292089383061,0.2545,0.11690827395231711,0.07615389820228438,0.2545,0.0,0.0,0.0,0.0,0.89,1.0,0.655,0.0,0.0,0.0,7,10
11.87663552250725,0.2435,0.11368593469911759,0.0768436472812376,0.2435,0.0,0.0,0.0,0.0,0.51,0.999,0.926,0.0,0.0,0.0,8,10
11.174971115855744,0.2573,0.11984764603560978,0.07898477672059755,0.2573,0.0,0.0,0.0,0.0,0.737,1.0,0.836,0.0,0.0,0.0,9,10
20.39144248474901,0.2739,0.16773316812402178,0.13807940726721044,0.2739,0.0,0.0,0.0,0.0,0.0,0.0,0.0,0.991,0.995,0.753,10,10
15.980464292410463,0.2773,0.16849138165700442,0.13647116966249762,0.2773,0.0,0.0,0.0,0.0,0.0,0.0,0.0,0.989,0.994,0.79,11,10
17.495885650951642,0.2859,0.17466796669361617,0.13930611521824815,0.2859,0.0,0.0,0.0,0.0,0.0,0.0,0.0,0.922,0.989,0.948,12,10
18.01857868170205,0.2801,0.16982271026827997,0.13649689068222898,0.2801,0.0,0.0,0.0,0.0,0.0,0.0,0.0,0.985,0.994,0.822,13,10
17.8855143263698,0.2785,0.16909807912899408,0.1369087466192898,0.2785,0.0,0.0,0.0,0.0,0.0,0.0,0.0,0.994,0.993,0.798,14,10
6.158804824938789,0.3635,0.25149846171684,0.2226131865334997,0.3635,0.94,0.912,0.956,0.827,0.0,0.0,0.0,0.0,0.0,0.0,0,11
5.576172779924192,0.3659,0.24700570059012908,0.20805310015316641,0.3659,0.899,0.913,0.911,0.936,0.0,0.0,0.0,0.0,0.0,0.0,1,11
6.520388714421672,0.365,0.23411458418897055,0.19164018686055675,0.365,0.828,0.93,0.961,0.931,0.0,0.0,0.0,0.0,0.0,0.0,2,11
11.049962610482408,0.2502,0.11410754872504632,0.0740909013582092,0.2502,0.0,0.0,0.0,0.0,0.925,1.0,0.577,0.0,0.0,0.0,3,11
10.53943330258988,0.2506,0.11514492233592293,0.07479030062435674,0.25060000000000004,0.0,0.0,0.0,0.0,0.919,0.999,0.588,0.0,0.0,0.0,4,11
11.73149774021234,0.258,0.12184207363614297,0.08147234674128521,0.258,0.0,0.0,0.0,0.0,0.733,1.0,0.847,0.0,0.0,0.0,5,11
12.57773344509137,0.2466,0.11461384444320735,0.07727137561114197,0.2466,0.0,0.0,0.0,0.0,0.558,1.0,0.908,0.0,0.0,0.0,6,11
12.77690655888079,0.2579,0.11936587119072259,0.07800983947610124,0.2579,0.0,0.0,0.0,0.0,0.846,1.0,0.733,0.0,0.0,0.0,7,11
11.738066045620952,0.2432,0.11349574529131559,0.0766928709126257,0.2432,0.0,0.0,0.0,0.0,0.506,0.999,0.927,0.0,0.0,0.0,8,11
11.349441216014826,0.2581,0.11990955504006981,0.07876735221940565,0.2581,0.0,0.0,0.0,0.0,0.756,1.0,0.825,0.0,0.0,0.0,9,11
20.3290394914036,0.2781,0.1698487258570474,0.13830237717917288,0.2781,0.0,0.0,0.0,0.0,0.0,0.0,0.0,0.995,0.995,0.791,10,11
16.60892265368574,0.2764,0.16790859266855757,0.1365662514459433,0.2764,0.0,0.0,0.0,0.0,0.0,0.0,0.0,0.994,0.995,0.775,11,11
18.36300171069063,0.2852,0.17419785559938614,0.13910800409408522,0.2852,0.0,0.0,0.0,0.0,0.0,0.0,0.0,0.903,0.991,0.958,12,11
18.255603104734572,0.2814,0.1707096061832904,0.13700110698015813,0.2814,0.0,0.0,0.0,0.0,0.0,0.0,0.0,0.987,0.994,0.833,13,11
17.96914418436849,0.2744,0.16556910307403155,0.13474772647632335,0.2744,0.0,0.0,0.0,0.0,0.0,0.0,0.0,0.997,0.992,0.755,14,11
6.339287448614931,0.3639,0.2531193967291265,0.22482719784430313,0.3639,0.944,0.918,0.955,0.822,0.0,0.0,0.0,0.0,0.0,0.0,0,12
5.66741203423887,0.3654,0.24681731609604105,0.2077136621278018,0.3654,0.891,0.915,0.907,0.941,0.0,0.0,0.0,0.0,0.0,0.0,1,12
6.6151175643689335,0.3659,0.23660670430625114,0.194925593728714,0.3659,0.849,0.926,0.959,0.925,0.0,0.0,0.0,0.0,0.0,0.0,2,12
11.41638134538937,0.2502,0.11400193211944468,0.0740404991809194,0.2502,0.0,0.0,0.0,0.0,0.931,1.0,0.571,0.0,0.0,0.0,3,12
10.742888368356724,0.2547,0.11773453659719055,0.07656496746982053,0.25470000000000004,0.0,0.0,0.0,0.0,0.902,0.999,0.646,0.0,0.0,0.0,4,12
11.977756224501247,0.256,0.12112703249592949,0.08146738387989642,0.256,0.0,0.0,0.0,0.0,0.697,1.0,0.863,0.0,0.0,0.0,5,12
12.755271098103385,0.2518,0.11749507565051154,0.07861925627612805,0.25179999999999997,0.0,0.0,0.0,0.0,0.625,1.0,0.893,0.0,0.0,0.0,6,12
13.119442714288974,0.2599,0.1204585929884682,0.07877295566144486,0.25989999999999996,0.0,0.0,0.0,0.0,0.844,1.0,0.755,0.0,0.0,0.0,7,12
12.156178565832754,0.2451,0.1144032752867981,0.07705216081013795,0.2451,0.0,0.0,0.0,0.0,0.527,0.999,0.925,0.0,0.0,0.0,8,12
11.522621704747502,0.2578,0.11966016073422855,0.07851763734345826,0.25780000000000003,0.0,0.0,0.0,0.0,0.757,1.0,0.821,0.0,0.0,0.0,9,12
20.265915535509397,0.2809,0.1718026558639505,0.1392500757757878,0.28090000000000004,0.0,0.0,0.0,0.0,0.0,0.0,0.0,0.992,0.995,0.822,10,12
17.20270078860152,0.2786,0.1696903623445259,0.13754862827403228,0.2786,0.0,0.0,0.0,0.0,0.0,0.0,0.0,0.991,0.995,0.8,11,12
18.5899316312406,0.2826,0.17196938350957927,0.13758029712318603,0.2826,0.0,0.0,0.0,0.0,0.0,0.0,0.0,0.862,0.991,0.973,12,12
18.460071892784047,0.282,0.1712513541117207,0.13732823909705397,0.282,0.0,0.0,0.0,0.0,0.0,0.0,0.0,0.987,0.991,0.842,13,12
18.861946882912147,0.2753,0.16639601469976095,0.13536722630754347,0.2753,0.0,0.0,0.0,0.0,0.0,0.0,0.0,0.997,0.993,0.763,14,12
6.557862610862659,0.3653,0.2537070818551948,0.22436886395415825,0.3653,0.94,0.922,0.955,0.836,0.0,0.0,0.0,0.0,0.0,0.0,0,13
5.9339516916975805,0.3686,0.25156439861420865,0.21322929469605273,0.3686,0.923,0.928,0.913,0.922,0.0,0.0,0.0,0.0,0.0,0.0,1,13
6.781054421354788,0.367,0.23897638509908375,0.19753479084240944,0.367,0.85,0.928,0.963,0.929,0.0,0.0,0.0,0.0,0.0,0.0,2,13
11.357683015707583,0.2512,0.11471492071067994,0.07447118279670553,0.2512,0.0,0.0,0.0,0.0,0.921,1.0,0.591,0.0,0.0,0.0,3,13
11.021892325184977,0.2578,0.11946186039237035,0.07776622971804761,0.25780000000000003,0.0,0.0,0.0,0.0,0.883,0.999,0.696,0.0,0.0,0.0,4,13
11.694900872227484,0.2594,0.122158268601855,0.08122791309060788,0.25939999999999996,0.0,0.0,0.0,0.0,0.764,1.0,0.83,0.0,0.0,0.0,5,13
12.918411681446404,0.2481,0.11534420810564079,0.07763384710649272,0.2481,0.0,0.0,0.0,0.0,0.571,1.0,0.91,0.0,0.0,0.0,6,13
12.953893106966353,0.2579,0.1190959200025278,0.0777236841454892,0.25789999999999996,0.0,0.0,0.0,0.0,0.865,1.0,0.714,0.0,0.0,0.0,7,13
12.19942145301892,0.2468,0.11529856960831104,0.07743914921079038,0.2468,0.0,0.0,0.0,0.0,0.546,0.999,0.923,0.0,0.0,0.0,8,13
11.779307412644163,0.2569,0.11964375134814367,0.07898517534718397,0.2569,0.0,0.0,0.0,0.0,0.715,1.0,0.854,0.0,0.0,0.0,9,13
21.72603877740927,0.2756,0.1691256640649054,0.13869473640621255,0.2756,0.0,0.0,0.0,0.0,0.0,0.0,0.0,0.987,0.995,0.774,10,13
17.556483183425076,0.2759,0.1677448715138447,0.13664076236879763,0.2759,0.0,0.0,0.0,0.0,0.0,0.0,0.0,0.993,0.995,0.771,11,13
18.895589417162032,0.2812,0.1706564300810594,0.13686619521903368,0.2812,0.0,0.0,0.0,0.0,0.0,0.0,0.0,0.834,0.991,0.987,12,13
18.813462988637127,0.2837,0.1725669719723169,0.13836188814458697,0.28369999999999995,0.0,0.0,0.0,0.0,0.0,0.0,0.0,0.988,0.994,0.855,13,13
19.336098250489645,0.2714,0.16336319689618115,0.13384325514836964,0.2714,0.0,0.0,0.0,0.0,0.0,0.0,0.0,0.998,0.993,0.723,14,13
6.613203332066155,0.3663,0.2546855616561675,0.22462464969208015,0.36629999999999996,0.941,0.922,0.955,0.845,0.0,0.0,0.0,0.0,0.0,0.0,0,14
6.016355668393949,0.3681,0.25249498317552926,0.21505020750190992,0.3681,0.934,0.928,0.908,0.911,0.0,0.0,0.0,0.0,0.0,0.0,1,14
7.081727925200051,0.369,0.24098413088544612,0.19970483207900264,0.36900000000000005,0.868,0.933,0.964,0.925,0.0,0.0,0.0,0.0,0.0,0.0,2,14
11.57443502231147,0.2514,0.11483519169521475,0.07454253477654092,0.2514,0.0,0.0,0.0,0.0,0.922,1.0,0.592,0.0,0.0,0.0,3,14
11.038227382940226,0.2573,0.11930892432023772,0.07768082115574336,0.25730000000000003,0.0,0.0,0.0,0.0,0.891,0.999,0.683,0.0,0.0,0.0,4,14
11.971505922250474,0.2553,0.12063536917349223,0.08121291542131057,0.25529999999999997,0.0,0.0,0.0,0.0,0.678,1.0,0.875,0.0,0.0,0.0,5,14
13.012216851353264,0.2521,0.1174772405946208,0.07838037951034031,0.2521,0.0,0.0,0.0,0.0,0.635,1.0,0.886,0.0,0.0,0.0,6,14
13.365861140120144,0.2598,0.12096196487672002,0.07948685715749675,0.2598,0.0,0.0,0.0,0.0,0.807,1.0,0.791,0.0,0.0,0.0,7,14
12.406916234439935,0.2458,0.11475990458613179,0.07719800260811371,0.24580000000000002,0.0,0.0,0.0,0.0,0.532,0.999,0.927,0.0,0.0,0.0,8,14
11.811827857654315,0.2575,0.1196713515263014,0.07880140718290926,0.2575,0.0,0.0,0.0,0.0,0.726,1.0,0.849,0.0,0.0,0.0,9,14
21.29627736917319,0.2833,0.17392969232451513,0.140739566151236,0.2833,0.0,0.0,0.0,0.0,0.0,0.0,0.0,0.99,0.995,0.848,10,14
17.257681654665035,0.2799,0.17085727637942688,0.13845933328018417,0.2799,0.0,0.0,0.0,0.0,0.0,0.0,0.0,0.993,0.995,0.811,11,14
18.812843986974357,0.2796,0.16941259250713675,0.13607852012044658,0.27959999999999996,0.0,0.0,0.0,0.0,0.0,0.0,0.0,0.819,0.989,0.988,12,14
19.775862379957694,0.2844,0.17311684968126317,0.13871323366844365,0.2844,0.0,0.0,0.0,0.0,0.0,0.0,0.0,0.99,0.992,0.862,13,14
19.742045228854536,0.2724,0.1642188882558727,0.13439824421093877,0.27240000000000003,0.0,0.0,0.0,0.0,0.0,0.0,0.0,0.998,0.993,0.733,14,14
6.888623394524328,0.3655,0.25444618631552907,0.2251128952815032,0.3655,0.945,0.923,0.954,0.833,0.0,0.0,0.0,0.0,0.0,0.0,0,15
6.213855995537755,0.3677,0.25044835995324466,0.21214366345190436,0.3677,0.924,0.922,0.897,0.934,0.0,0.0,0.0,0.0,0.0,0.0,1,15
7.1539572656345065,0.3691,0.24120320478351515,0.19996570449310713,0.36910000000000004,0.874,0.931,0.961,0.925,0.0,0.0,0.0,0.0,0.0,0.0,2,15
11.56604150766001,0.2553,0.1170963246625523,0.07603682076955032,0.25529999999999997,0.0,0.0,0.0,0.0,0.908,1.0,0.645,0.0,0.0,0.0,3,15
11.00541508921419,0.2587,0.12003987597952244,0.07820617771481247,0.2587,0.0,0.0,0.0,0.0,0.877,0.999,0.711,0.0,0.0,0.0,4,15
11.82487457628829,0.2569,0.1209402774828456,0.08086666738419097,0.2569,0.0,0.0,0.0,0.0,0.7,1.0,0.869,0.0,0.0,0.0,5,15
13.060402059707398,0.252,0.11772397241924079,0.07900705979022424,0.252,0.0,0.0,0.0,0.0,0.621,1.0,0.899,0.0,0.0,0.0,6,15
13.351910795266637,0.2607,0.12135409705128723,0.07969797606686871,0.2607,0.0,0.0,0.0,0.0,0.816,1.0,0.791,0.0,0.0,0.0,7,15
12.315063735547538,0.2456,0.1147256934477618,0.07726834119496341,0.24560000000000004,0.0,0.0,0.0,0.0,0.528,0.999,0.929,0.0,0.0,0.0,8,15
11.806992779143702,0.26,0.1205663915943184,0.07897964087154022,0.26,0.0,0.0,0.0,0.0,0.782,1.0,0.818,0.0,0.0,0.0,9,15
22.686565895811817,0.2799,0.1728333739154655,0.14119843992819417,0.2799,0.0,0.0,0.0,0.0,0.0,0.0,0.0,0.984,0.995,0.82,10,15
18.792910134068695,0.2803,0.17162568940764608,0.13938261900946855,0.2803,0.0,0.0,0.0,0.0,0.0,0.0,0.0,0.993,0.995,0.815,11,15
20.334462455286385,0.2857,0.17469031391147652,0.13963250743004957,0.2857,0.0,0.0,0.0,0.0,0.0,0.0,0.0,0.902,0.991,0.964,12,15
18.612084961546877,0.2849,0.17339042079282793,0.13866400853142719,0.28490000000000004,0.0,0.0,0.0,0.0,0.0,0.0,0.0,0.989,0.99,0.87,13,15
20.223927382082223,0.2716,0.16362740629019493,0.1341399082605626,0.2716,0.0,0.0,0.0,0.0,0.0,0.0,0.0,0.998,0.993,0.725,14,15
6.976987228606837,0.3666,0.2545726772468334,0.22471916080476326,0.3666,0.952,0.925,0.954,0.835,0.0,0.0,0.0,0.0,0.0,0.0,0,16
6.611701800038639,0.366,0.24834768869182824,0.21027752829617982,0.366,0.905,0.906,0.899,0.95,0.0,0.0,0.0,0.0,0.0,0.0,1,16
7.361605752390414,0.3696,0.24191725638447936,0.20077503513246678,0.3696,0.876,0.931,0.961,0.928,0.0,0.0,0.0,0.0,0.0,0.0,2,16
11.726199486766,0.2553,0.11714494218427525,0.07606552535833508,0.25529999999999997,0.0,0.0,0.0,0.0,0.913,1.0,0.64,0.0,0.0,0.0,3,16
11.081201253226771,0.2604,0.12126033153227869,0.07919730749492802,0.2604,0.0,0.0,0.0,0.0,0.855,0.999,0.75,0.0,0.0,0.0,4,16
11.803968598667424,0.2569,0.12078088482653164,0.08068363017474219,0.2569,0.0,0.0,0.0,0.0,0.698,1.0,0.871,0.0,0.0,0.0,5,16
13.057159375078001,0.2534,0.11867239073574834,0.07975273004811713,0.25339999999999996,0.0,0.0,0.0,0.0,0.631,1.0,0.903,0.0,0.0,0.0,6,16
13.067788690804674,0.26,0.12062447701179968,0.07897457583896231,0.26,0.0,0.0,0.0,0.0,0.834,1.0,0.766,0.0,0.0,0.0,7,16
12.360298482754741,0.2486,0.11649527767295473,0.07827923821660068,0.24860000000000002,0.0,0.0,0.0,0.0,0.56,0.999,0.927,0.0,0.0,0.0,8,16
11.850813899177332,0.258,0.11975086885596808,0.07874968130562007,0.258,0.0,0.0,0.0,0.0,0.731,1.0,0.849,0.0,0.0,0.0,9,16
22.855756476283453,0.2791,0.17149354796320165,0.13987341920508595,0.2791,0.0,0.0,0.0,0.0,0.0,0.0,0.0,0.989,0.995,0.807,10,16
17.947357384922405,0.2798,0.17072572024941418,0.13833536770750404,0.2798,0.0,0.0,0.0,0.0,0.0,0.0,0.0,0.993,0.995,0.81,11,16
19.262955409650225,0.2786,0.16857791771527833,0.13565482753854705,0.2786,0.0,0.0,0.0,0.0,0.0,0.0,0.0,0.805,0.99,0.991,12,16
20.146981601897902,0.2846,0.17335405382184937,0.1389367123949383,0.2846,0.0,0.0,0.0,0.0,0.0,0.0,0.0,0.99,0.993,0.863,13,16
20.456458795565766,0.2713,0.1633276361397374,0.1338701063027239,0.2713,0.0,0.0,0.0,0.0,0.0,0.0,0.0,0.998,0.993,0.722,14,16
7.332168415331612,0.3666,0.2553298191789267,0.22609954706227167,0.3666,0.953,0.928,0.955,0.83,0.0,0.0,0.0,0.0,0.0,0.0,0,17
6.563157121975201,0.3683,0.25346311057772325,0.2168929462250797,0.36829999999999996,0.947,0.922,0.9,0.914,0.0,0.0,0.0,0.0,0.0,0.0,1,17
7.594575779887434,0.3698,0.24340800437462046,0.20274427580851206,0.3698,0.881,0.93,0.961,0.926,0.0,0.0,0.0,0.0,0.0,0.0,2,17
11.923550410773426,0.2556,0.11723555691065998,0.076150815357741,0.2556,0.0,0.0,0.0,0.0,0.907,1.0,0.649,0.0,0.0,0.0,3,17
11.134837957997673,0.2581,0.11943140584223397,0.07771103220690126,0.2581,0.0,0.0,0.0,0.0,0.889,0.999,0.693,0.0,0.0,0.0,4,17
12.150266822534627,0.2569,0.12083499618150814,0.08076656556487269,0.2569,0.0,0.0,0.0,0.0,0.696,1.0,0.873,0.0,0.0,0.0,5,17
12.810490199933037,0.2535,0.11854080550857038,0.0795258355368058,0.2535,0.0,0.0,0.0,0.0,0.629,1.0,0.906,0.0,0.0,0.0,6,17
13.369255510762857,0.26,0.12067939308614731,0.07904665970429754,0.25999999999999995,0.0,0.0,0.0,0.0,0.832,1.0,0.768,0.0,0.0,0.0,7,17
12.460382440219671,0.2469,0.11547387713073978,0.07770234163015569,0.24690000000000004,0.0,0.0,0.0,0.0,0.539,0.999,0.931,0.0,0.0,0.0,8,17
11.941461607290153,0.2581,0.11973129066765872,0.07872399351622607,0.2581,0.0,0.0,0.0,0.0,0.726,1.0,0.855,0.0,0.0,0.0,9,17
23.048886728743774,0.2805,0.17230284846733257,0.14024328093877142,0.28049999999999997,0.0,0.0,0.0,0.0,0.0,0.0,0.0,0.99,0.995,0.82,10,17
18.041389547597866,0.2806,0.17123304898925226,0.1385755674380677,0.2806,0.0,0.0,0.0,0.0,0.0,0.0,0.0,0.995,0.995,0.816,11,17
20.569165860502103,0.2858,0.1745241046639827,0.13943730602828402,0.28579999999999994,0.0,0.0,0.0,0.0,0.0,0.0,0.0,0.893,0.991,0.974,12,17
20.22718338463634,0.2845,0.17333873289904403,0.13901911099602274,0.2845,0.0,0.0,0.0,0.0,0.0,0.0,0.0,0.991,0.993,0.861,13,17
20.83025624881537,0.2684,0.1608879785606812,0.13257467092316438,0.2684,0.0,0.0,0.0,0.0,0.0,0.0,0.0,0.999,0.993,0.692,14,17
7.319288351284429,0.3661,0.25529819647654894,0.22663039128507992,0.3661,0.952,0.929,0.957,0.823,0.0,0.0,0.0,0.0,0.0,0.0,0,18
6.640670652206714,0.3673,0.24957830376528872,0.21178305733604397,0.3673,0.906,0.906,0.917,0.944,0.0,0.0,0.0,0.0,0.0,0.0,1,18
7.6452741554369945,0.3695,0.24694010540825376,0.20804921738219656,0.3695,0.874,0.937,0.965,0.919,0.0,0.0,0.0,0.0,0.0,0.0,2,18
11.938690184023434,0.2569,0.11807529673539348,0.07673310889015358,0.2569,0.0,0.0,0.0,0.0,0.894,1.0,0.675,0.0,0.0,0.0,3,18
11.045082712325806,0.257,0.11906235780176862,0.07749579636682588,0.257,0.0,0.0,0.0,0.0,0.89,0.999,0.681,0.0,0.0,0.0,4,18
12.146789898125888,0.2579,0.12125695894556485,0.08100709180254635,0.25789999999999996,0.0,0.0,0.0,0.0,0.7,1.0,0.879,0.0,0.0,0.0,5,18
12.834031491995619,0.2578,0.12050057470158201,0.08018661538037132,0.2578,0.0,0.0,0.0,0.0,0.688,1.0,0.89,0.0,0.0,0.0,6,18
13.149869620228728,0.2606,0.12134201619629999,0.07976209081826688,0.2606,0.0,0.0,0.0,0.0,0.804,1.0,0.802,0.0,0.0,0.0,7,18
12.433705494426691,0.2522,0.11801491196583958,0.0787910586028661,0.25220000000000004,0.0,0.0,0.0,0.0,0.604,0.999,0.919,0.0,0.0,0.0,8,18
11.875745435111439,0.2583,0.11980922860729419,0.0787544953618318,0.25830000000000003,0.0,0.0,0.0,0.0,0.728,1.0,0.855,0.0,0.0,0.0,9,18
21.790771892657297,0.2863,0.17504869890887073,0.1406188653814145,0.2863,0.0,0.0,0.0,0.0,0.0,0.0,0.0,0.992,0.994,0.877,10,18
18.29220644734538,0.2807,0.17141685611301694,0.13879639907579924,0.2807,0.0,0.0,0.0,0.0,0.0,0.0,0.0,0.994,0.995,0.818,11,18
20.884151266786617,0.2855,0.17423324724429318,0.1392465223689991,0.2855,0.0,0.0,0.0,0.0,0.0,0.0,0.0,0.886,0.991,0.978,12,18
20.96305283799339,0.285,0.17367660367897195,0.13927556187975743,0.285,0.0,0.0,0.0,0.0,0.0,0.0,0.0,0.991,0.994,0.865,13,18
21.591265553483566,0.2721,0.16388903690789816,0.13417048073573826,0.2721,0.0,0.0,0.0,0.0,0.0,0.0,0.0,0.999,0.993,0.729,14,18
7.623457859880246,0.366,0.255724716927169,0.22788952251599387,0.366,0.954,0.926,0.957,0.823,0.0,0.0,0.0,0.0,0.0,0.0,0,19
6.946391677704101,0.3684,0.25101516989992045,0.21307022731685743,0.3684,0.911,0.912,0.913,0.948,0.0,0.0,0.0,0.0,0.0,0.0,1,19
8.002203777575264,0.3704,0.24679073419496697,0.20772694779009634,0.3704,0.884,0.933,0.964,0.923,0.0,0.0,0.0,0.0,0.0,0.0,2,19
12.389109258072825,0.2566,0.11790194885893471,0.07663214202888631,0.25660000000000005,0.0,0.0,0.0,0.0,0.898,1.0,0.668,0.0,0.0,0.0,3,19
11.007411786161672,0.2594,0.12041590413139522,0.07845584057577971,0.25939999999999996,0.0,0.0,0.0,0.0,0.881,0.999,0.714,0.0,0.0,0.0,4,19
11.91442307420432,0.256,0.12051816952227293,0.08095988885328509,0.256,0.0,0.0,0.0,0.0,0.661,1.0,0.899,0.0,0.0,0.0,5,19
12.754374540651948,0.2573,0.12046877466731014,0.08039569716206471,0.25730000000000003,0.0,0.0,0.0,0.0,0.68,1.0,0.893,0.0,0.0,0.0,6,19
13.174245983647843,0.261,0.1214072260300553,0.0796881821616158,0.261,0.0,0.0,0.0,0.0,0.823,1.0,0.787,0.0,0.0,0.0,7,19
12.275725571873089,0.2486,0.11648898251638218,0.07829627786527119,0.24860000000000002,0.0,0.0,0.0,0.0,0.557,0.999,0.93,0.0,0.0,0.0,8,19
12.031531911307631,0.2583,0.11977896201461169,0.07876924867567416,0.25830000000000003,0.0,0.0,0.0,0.0,0.722,1.0,0.861,0.0,0.0,0.0,9,19
22.097474850785616,0.2761,0.16715481550165281,0.1359887716268304,0.2761,0.0,0.0,0.0,0.0,0.0,0.0,0.0,0.997,0.994,0.77,10,19
18.8760129300931,0.2825,0.17267183605806324,0.1394233547146841,0.28250000000000003,0.0,0.0,0.0,0.0,0.0,0.0,0.0,0.993,0.995,0.837,11,19
20.920479326583326,0.2847,0.17348092099442364,0.13874399351757244,0.2847,0.0,0.0,0.0,0.0,0.0,0.0,0.0,0.874,0.992,0.981,12,19
20.532128446780074,0.286,0.17451864772593467,0.13987910968843006,0.286,0.0,0.0,0.0,0.0,0.0,0.0,0.0,0.991,0.993,0.876,13,19
21.4492841696206,0.2672,0.15967567702165636,0.13172040634666476,0.2672,0.0,0.0,0.0,0.0,0.0,0.0,0.0,1.0,0.993,0.679,14,19
7.9225285510285595,0.3675,0.2575728879307618,0.22902960073701353,0.3675,0.956,0.925,0.951,0.843,0.0,0.0,0.0,0.0,0.0,0.0,0,20
7.240427097954308,0.3703,0.2561817533298808,0.22066751291778747,0.3703,0.957,0.925,0.91,0.911,0.0,0.0,0.0,0.0,0.0,0.0,1,20
8.332476912976835,0.3693,0.24440228308997475,0.20461725341384937,0.3693,0.87,0.933,0.966,0.924,0.0,0.0,0.0,0.0,0.0,0.0,2,20
12.082385965048696,0.257,0.11810854664801365,0.07676073953785155,0.257,0.0,0.0,0.0,0.0,0.898,1.0,0.672,0.0,0.0,0.0,3,20
11.20992198157996,0.2583,0.11970432731860932,0.07793478165897819,0.25830000000000003,0.0,0.0,0.0,0.0,0.882,0.999,0.702,0.0,0.0,0.0,4,20
11.804995290006692,0.2568,0.12094359747316488,0.08121213947609456,0.25680000000000003,0.0,0.0,0.0,0.0,0.667,1.0,0.901,0.0,0.0,0.0,5,20
12.84762457460641,0.2595,0.12147072502861204,0.08067610545054815,0.2595,0.0,0.0,0.0,0.0,0.721,1.0,0.874,0.0,0.0,0.0,6,20
12.903855447190256,0.2609,0.12116478773624731,0.07939981070657039,0.2609,0.0,0.0,0.0,0.0,0.828,1.0,0.781,0.0,0.0,0.0,7,20
12.289026467564007,0.2495,0.11686415159446698,0.07839980029759705,0.2495,0.0,0.0,0.0,0.0,0.566,0.999,0.93,0.0,0.0,0.0,8,20
12.199680160790587,0.2606,0.12087392154921325,0.0792993588330954,0.2606,0.0,0.0,0.0,0.0,0.763,1.0,0.843,0.0,0.0,0.0,9,20
22.336214799850513,0.28,0.1700941108018399,0.137619322003998,0.27999999999999997,0.0,0.0,0.0,0.0,0.0,0.0,0.0,0.996,0.994,0.81,10,20
19.180815836872917,0.2842,0.17455834865630943,0.14114474118872716,0.2842,0.0,0.0,0.0,0.0,0.0,0.0,0.0,0.99,0.996,0.856,11,20
21.965438212068698,0.2878,0.1763279324770685,0.1409155415559352,0.2878,0.0,0.0,0.0,0.0,0.0,0.0,0.0,0.923,0.992,0.963,12,20
21.283077236943353,0.2838,0.1727068478575055,0.13865414420710448,0.2838,0.0,0.0,0.0,0.0,0.0,0.0,0.0,0.992,0.994,0.852,13,20
22.272251071259618,0.2694,0.16162818051615266,0.1328659054269296,0.2694,0.0,0.0,0.0,0.0,0.0,0.0,0.0,1.0,0.993,0.701,14,20
8.286325495844832,0.369,0.2575409384084809,0.22792202016333568,0.369,0.956,0.929,0.952,0.853,0.0,0.0,0.0,0.0,0.0,0.0,0,21
7.211106952386923,0.3697,0.2548095706908341,0.21850790808434795,0.36970000000000003,0.941,0.918,0.908,0.93,0.0,0.0,0.0,0.0,0.0,0.0,1,21
8.770280316995736,0.3694,0.2468403775239297,0.20803821621176816,0.3694,0.875,0.941,0.966,0.912,0.0,0.0,0.0,0.0,0.0,0.0,2,21
12.046536142452837,0.2578,0.11859593928633105,0.07711208030068117,0.25780000000000003,0.0,0.0,0.0,0.0,0.89,1.0,0.688,0.0,0.0,0.0,3,21
10.981571840402037,0.2595,0.12053760205825255,0.07857457248898551,0.2595,0.0,0.0,0.0,0.0,0.867,0.999,0.729,0.0,0.0,0.0,4,21
11.804095804500884,0.2588,0.12182144880675343,0.08142544300248519,0.25880000000000003,0.0,0.0,0.0,0.0,0.7,1.0,0.888,0.0,0.0,0.0,5,21
12.600276962255899,0.2624,0.12244547183357121,0.08076576925698845,0.2624,0.0,0.0,0.0,0.0,0.769,1.0,0.855,0.0,0.0,0.0,6,21
12.814552101464317,0.2612,0.12128745760061407,0.07945993929047243,0.2612,0.0,0.0,0.0,0.0,0.834,1.0,0.778,0.0,0.0,0.0,7,21
12.245079637716373,0.2523,0.11796162858061546,0.07871612148229772,0.2523,0.0,0.0,0.0,0.0,0.598,0.999,0.926,0.0,0.0,0.0,8,21
11.88425729069085,0.2605,0.120725988410892,0.07918226938625222,0.2605,0.0,0.0,0.0,0.0,0.753,1.0,0.852,0.0,0.0,0.0,9,21
22.76182826410848,0.279,0.16975971884773217,0.13772656193183877,0.279,0.0,0.0,0.0,0.0,0.0,0.0,0.0,0.996,0.994,0.8,10,21
19.00514379934,0.2829,0.17310742073721036,0.13986239362470015,0.28290000000000004,0.0,0.0,0.0,0.0,0.0,0.0,0.0,0.991,0.996,0.842,11,21
21.22953292736992,0.2858,0.17432627062326206,0.13933050685839063,0.2858,0.0,0.0,0.0,0.0,0.0,0.0,0.0,0.887,0.992,0.979,12,21
21.45904863071137,0.2845,0.1732965227176165,0.13901642670771563,0.2845,0.0,0.0,0.0,0.0,0.0,0.0,0.0,0.993,0.992,0.86,13,21
22.017077415515057,0.2733,0.16493507157558532,0.13486726110009323,0.2733,0.0,0.0,0.0,0.0,0.0,0.0,0.0,0.999,0.993,0.741,14,21
8.464964476637185,0.3677,0.25583686884459056,0.22608949357888458,0.36769999999999997,0.958,0.927,0.951,0.841,0.0,0.0,0.0,0.0,0.0,0.0,0,22
7.608752566785477,0.3714,0.25704332027477894,0.22176091598494177,0.3714,0.956,0.923,0.924,0.911,0.0,0.0,0.0,0.0,0.0,0.0,1,22
8.471847726133303,0.3704,0.24748858987979316,0.20881657396840447,0.37039999999999995,0.879,0.942,0.966,0.917,0.0,0.0,0.0,0.0,0.0,0.0,2,22
12.316541328978614,0.26,0.11988381061295991,0.07805318823310523,0.26,0.0,0.0,0.0,0.0,0.878,1.0,0.722,0.0,0.0,0.0,3,22
11.21079669135828,0.2622,0.12204664091528836,0.07970136032332888,0.2622,0.0,0.0,0.0,0.0,0.855,0.999,0.768,0.0,0.0,0.0,4,22
11.690749786913205,0.258,0.12104638754814483,0.08086772599490258,0.258,0.0,0.0,0.0,0.0,0.676,1.0,0.904,0.0,0.0,0.0,5,22
12.585034848782962,0.2611,0.12190054099168009,0.08060142148719118,0.2611,0.0,0.0,0.0,0.0,0.744,1.0,0.867,0.0,0.0,0.0,6,22
12.890220341971888,0.2616,0.12150088516599569,0.07961468561796602,0.2616,0.0,0.0,0.0,0.0,0.839,1.0,0.777,0.0,0.0,0.0,7,22
12.2617174215591,0.2545,0.11900043484436158,0.07918477266695834,0.2545,0.0,0.0,0.0,0.0,0.627,0.999,0.919,0.0,0.0,0.0,8,22
11.984769926284448,0.2604,0.12065882084782173,0.07913961852582876,0.2604,0.0,0.0,0.0,0.0,0.752,1.0,0.852,0.0,0.0,0.0,9,22
22.07418178217099,0.2822,0.17159872085243616,0.13825023506229556,0.2822,0.0,0.0,0.0,0.0,0.0,0.0,0.0,0.995,0.993,0.834,10,22
19.326016636321338,0.281,0.17207406833064742,0.1396061594325837,0.281,0.0,0.0,0.0,0.0,0.0,0.0,0.0,0.992,0.996,0.822,11,22
22.14468149483775,0.2864,0.17491081480096535,0.13972248396432302,0.2864,0.0,0.0,0.0,0.0,0.0,0.0,0.0,0.898,0.992,0.974,12,22
22.222814992593882,0.2859,0.17457331929666817,0.14000200269255525,0.2859,0.0,0.0,0.0,0.0,0.0,0.0,0.0,0.992,0.993,0.874,13,22
22.434084432193647,0.272,0.1637489957848282,0.13406643990862008,0.27199999999999996,0.0,0.0,0.0,0.0,0.0,0.0,0.0,0.999,0.993,0.728,14,22
8.428876438079932,0.3691,0.25864211210058163,0.22974469415276114,0.3691,0.96,0.929,0.949,0.853,0.0,0.0,0.0,0.0,0.0,0.0,0,23
8.09717965659242,0.3683,0.25174097572434134,0.21397902577093192,0.36829999999999996,0.91,0.917,0.907,0.949,0.0,0.0,0.0,0.0,0.0,0.0,1,23
9.095212614955232,0.3696,0.24360666626486288,0.20343141098085044,0.3696,0.873,0.938,0.967,0.918,0.0,0.0,0.0,0.0,0.0,0.0,2,23
12.371480570052759,0.2599,0.11988108647559563,0.07804477678155666,0.25989999999999996,0.0,0.0,0.0,0.0,0.88,1.0,0.719,0.0,0.0,0.0,3,23
11.026978063126341,0.2603,0.1210043127465407,0.07892369868641166,0.26030000000000003,0.0,0.0,0.0,0.0,0.863,0.999,0.741,0.0,0.0,0.0,4,23
11.524307308867336,0.2591,0.12194219272691693,0.08142421151621199,0.2591,0.0,0.0,0.0,0.0,0.697,1.0,0.894,0.0,0.0,0.0,5,23
12.566197733528698,0.2613,0.1221529852495232,0.08096682596202398,0.2613,0.0,0.0,0.0,0.0,0.731,1.0,0.882,0.0,0.0,0.0,6,23
12.513546677062307,0.2613,0.12108753148453617,0.0791657890887634,0.2613,0.0,0.0,0.0,0.0,0.859,1.0,0.754,0.0,0.0,0.0,7,23
12.416579779725486,0.2533,0.1185338290892048,0.07905868744258836,0.25329999999999997,0.0,0.0,0.0,0.0,0.61,0.999,0.924,0.0,0.0,0.0,8,23
11.828832260716837,0.2619,0.12129869041810097,0.07940677213515608,0.26189999999999997,0.0,0.0,0.0,0.0,0.78,1.0,0.839,0.0,0.0,0.0,9,23
23.25607128569874,0.2697,0.16156285204489512,0.13267061194378815,0.2697,0.0,0.0,0.0,0.0,0.0,0.0,0.0,1.0,0.994,0.703,10,23
19.086357409199966,0.2835,0.1729776649966996,0.1392072644405681,0.2835,0.0,0.0,0.0,0.0,0.0,0.0,0.0,0.991,0.994,0.85,11,23
22.727117937593796,0.2888,0.17700295522516324,0.1413440482000951,0.2888,0.0,0.0,0.0,0.0,0.0,0.0,0.0,0.943,0.992,0.953,12,23
22.4160575196385,0.2858,0.17440846302135818,0.13987510721758617,0.2858,0.0,0.0,0.0,0.0,0.0,0.0,0.0,0.993,0.994,0.871,13,23
22.589595633192946,0.2759,0.16696775445890313,0.1360661402926367,0.2759,0.0,0.0,0.0,0.0,0.0,0.0,0.0,0.999,0.993,0.767,14,23
8.530216206376926,0.371,0.25941746635749474,0.22919295562285846,0.371,0.954,0.935,0.952,0.869,0.0,0.0,0.0,0.0,0.0,0.0,0,24
8.092194028555776,0.3706,0.25685502451574366,0.2217451912063456,0.3706,0.961,0.931,0.917,0.897,0.0,0.0,0.0,0.0,0.0,0.0,1,24
9.334103206476083,0.3709,0.24557863213244985,0.20574038803880246,0.3709,0.886,0.941,0.962,0.92,0.0,0.0,0.0,0.0,0.0,0.0,2,24
11.99088428119501,0.2602,0.12001866836348248,0.07813313528981934,0.26020000000000004,0.0,0.0,0.0,0.0,0.882,1.0,0.72,0.0,0.0,0.0,3,24
10.975233944841086,0.2635,0.12274571781744759,0.0802938949359063,0.26349999999999996,0.0,0.0,0.0,0.0,0.833,0.999,0.803,0.0,0.0,0.0,4,24
11.578925614158948,0.261,0.12252331336058364,0.08151068819023875,0.261,0.0,0.0,0.0,0.0,0.717,1.0,0.893,0.0,0.0,0.0,5,24
12.464942149080027,0.2638,0.12304878299978048,0.08104870553105667,0.2638,0.0,0.0,0.0,0.0,0.784,1.0,0.854,0.0,0.0,0.0,6,24
12.504694687291837,0.2627,0.12207545832297143,0.0800221430915687,0.26270000000000004,0.0,0.0,0.0,0.0,0.834,1.0,0.793,0.0,0.0,0.0,7,24
12.093312994740641,0.253,0.11828072258130211,0.0789126740837469,0.253,0.0,0.0,0.0,0.0,0.602,0.999,0.929,0.0,0.0,0.0,8,24
11.744637038380194,0.2618,0.12123996328787681,0.07940211665300564,0.2618,0.0,0.0,0.0,0.0,0.767,1.0,0.851,0.0,0.0,0.0,9,24
23.65908018849528,0.2608,0.1539182204164641,0.12845121894305142,0.26080000000000003,0.0,0.0,0.0,0.0,0.0,0.0,0.0,1.0,0.994,0.614,10,24
20.71408543876185,0.2827,0.1739467789656143,0.1411826549670891,0.2827,0.0,0.0,0.0,0.0,0.0,0.0,0.0,0.987,0.998,0.842,11,24
23.250267842326302,0.289,0.17700645506779783,0.14125134864929856,0.289,0.0,0.0,0.0,0.0,0.0,0.0,0.0,0.946,0.992,0.952,12,24
22.41603187097909,0.2843,0.1732418448372349,0.13911184938684404,0.2843,0.0,0.0,0.0,0.0,0.0,0.0,0.0,0.993,0.994,0.856,13,24
22.854325187853732,0.2785,0.1689742630902862,0.1371609358588114,0.2785,0.0,0.0,0.0,0.0,0.0,0.0,0.0,0.998,0.994,0.793,14,24
8.510738317958843,0.3695,0.25728075096827924,0.2268937881042409,0.3695,0.963,0.928,0.941,0.863,0.0,0.0,0.0,0.0,0.0,0.0,0,25
9.021452053667257,0.3717,0.2577886517873817,0.2225397699689629,0.37170000000000003,0.942,0.928,0.925,0.922,0.0,0.0,0.0,0.0,0.0,0.0,1,25
7.618049745742505,0.3714,0.24393479213164712,0.20307913196533303,0.3714,0.897,0.94,0.964,0.913,0.0,0.0,0.0,0.0,0.0,0.0,2,25
12.148540082450111,0.2624,0.12128840378529304,0.0790611391343473,0.2624,0.0,0.0,0.0,0.0,0.881,1.0,0.743,0.0,0.0,0.0,3,25
10.96327532442233,0.2622,0.12178337564835848,0.07943002585833352,0.2622,0.0,0.0,0.0,0.0,0.861,0.999,0.762,0.0,0.0,0.0,4,25
11.186629027223434,0.2612,0.12296071971749054,0.08200122019123476,0.2612,0.0,0.0,0.0,0.0,0.715,1.0,0.897,0.0,0.0,0.0,5,25
12.353843145096263,0.2645,0.12333515283578877,0.08116254301536112,0.2645,0.0,0.0,0.0,0.0,0.799,1.0,0.846,0.0,0.0,0.0,6,25
12.329649469722956,0.264,0.12273906193725026,0.08046624338873676,0.264,0.0,0.0,0.0,0.0,0.842,1.0,0.798,0.0,0.0,0.0,7,25
12.053609144192533,0.2535,0.1182873608277942,0.07875850091093257,0.2535,0.0,0.0,0.0,0.0,0.606,1.0,0.929,0.0,0.0,0.0,8,25
11.886152924059298,0.2627,0.12181283211122211,0.07985205817563604,0.2627,0.0,0.0,0.0,0.0,0.778,1.0,0.849,0.0,0.0,0.0,9,25
23.371405394313435,0.2859,0.17458685317389336,0.1402510324545884,0.2859,0.0,0.0,0.0,0.0,0.0,0.0,0.0,0.994,0.993,0.872,10,25
21.07797133046598,0.2814,0.17264892748555793,0.14019500834355245,0.2814,0.0,0.0,0.0,0.0,0.0,0.0,0.0,0.993,0.996,0.825,11,25
23.388428002500685,0.2895,0.17750508985257935,0.14175368251836346,0.2895,0.0,0.0,0.0,0.0,0.0,0.0,0.0,0.943,0.993,0.959,12,25
22.963259386178404,0.2863,0.1746930437445593,0.14001263967919964,0.2863,0.0,0.0,0.0,0.0,0.0,0.0,0.0,0.993,0.994,0.876,13,25
22.68739009284364,0.278,0.16859491704087484,0.13694102004705486,0.278,0.0,0.0,0.0,0.0,0.0,0.0,0.0,0.998,0.993,0.789,14,25
9.53886476949381,0.3698,0.2579853247175854,0.22814909472324948,0.3698,0.955,0.937,0.952,0.854,0.0,0.0,0.0,0.0,0.0,0.0,0,26
8.779905058705388,0.3713,0.2574545886936918,0.22198278522033066,0.3713,0.935,0.929,0.921,0.928,0.0,0.0,0.0,0.0,0.0,0.0,1,26
8.548200966831976,0.3718,0.24562725535429814,0.20516606860972503,0.3718,0.902,0.931,0.957,0.928,0.0,0.0,0.0,0.0,0.0,0.0,2,26
12.094665076405096,0.2626,0.12153340815292031,0.07926766485280906,0.26260000000000006,0.0,0.0,0.0,0.0,0.874,1.0,0.752,0.0,0.0,0.0,3,26
10.866214566337415,0.2628,0.12218902191434507,0.07973544650879905,0.26280000000000003,0.0,0.0,0.0,0.0,0.857,0.999,0.772,0.0,0.0,0.0,4,26
11.250506925125853,0.2594,0.12173795626779085,0.08123367193824126,0.2594,0.0,0.0,0.0,0.0,0.679,1.0,0.915,0.0,0.0,0.0,5,26
12.204038426518059,0.2649,0.12351483929252838,0.08126594230735798,0.2649,0.0,0.0,0.0,0.0,0.801,1.0,0.848,0.0,0.0,0.0,6,26
12.28383393333362,0.2642,0.12289260595948315,0.08060421399390803,0.26420000000000005,0.0,0.0,0.0,0.0,0.838,1.0,0.804,0.0,0.0,0.0,7,26
11.994123228822653,0.2555,0.11925718800774439,0.07922538575526364,0.2555,0.0,0.0,0.0,0.0,0.631,1.0,0.924,0.0,0.0,0.0,8,26
11.732790668170672,0.2635,0.12213968435110292,0.07996484278513735,0.26349999999999996,0.0,0.0,0.0,0.0,0.798,1.0,0.837,0.0,0.0,0.0,9,26
24.619692580006756,0.2767,0.16741523325978497,0.13623288950211612,0.2767,0.0,0.0,0.0,0.0,0.0,0.0,0.0,0.999,0.994,0.774,10,26
21.62211391339287,0.2809,0.17152247689644362,0.13894247593167458,0.28090000000000004,0.0,0.0,0.0,0.0,0.0,0.0,0.0,0.995,0.996,0.818,11,26
23.76470967984428,0.2894,0.17737396620603554,0.14158229882614884,0.2894,0.0,0.0,0.0,0.0,0.0,0.0,0.0,0.944,0.992,0.958,12,26
23.460434383477647,0.2844,0.17339414856820717,0.13930636867065727,0.28440000000000004,0.0,0.0,0.0,0.0,0.0,0.0,0.0,0.993,0.994,0.857,13,26
23.8659965923419,0.2735,0.1650168353995572,0.134954217514834,0.27349999999999997,0.0,0.0,0.0,0.0,0.0,0.0,0.0,0.999,0.993,0.743,14,26
9.565158679462469,0.3709,0.25987561025666267,0.22959770904985577,0.37089999999999995,0.958,0.939,0.949,0.863,0.0,0.0,0.0,0.0,0.0,0.0,0,27
9.79211880528508,0.3722,0.25840143620657924,0.22315914560617464,0.37220000000000003,0.941,0.932,0.928,0.921,0.0,0.0,0.0,0.0,0.0,0.0,1,27
10.140797241808126,0.3715,0.24726037179054544,0.20790265986742754,0.3715,0.894,0.929,0.966,0.926,0.0,0.0,0.0,0.0,0.0,0.0,2,27
12.088060808638796,0.2642,0.12243052873709584,0.07993007358801184,0.2642,0.0,0.0,0.0,0.0,0.865,1.0,0.777,0.0,0.0,0.0,3,27
10.83847360946119,0.2626,0.1219999196845152,0.07956807709169203,0.26260000000000006,0.0,0.0,0.0,0.0,0.866,1.0,0.76,0.0,0.0,0.0,4,27
11.198532212656527,0.2607,0.1223176092616296,0.08147261056960683,0.26070000000000004,0.0,0.0,0.0,0.0,0.694,1.0,0.913,0.0,0.0,0.0,5,27
12.021605065074592,0.2647,0.12312957613354329,0.08074918601823078,0.2647,0.0,0.0,0.0,0.0,0.824,1.0,0.823,0.0,0.0,0.0,6,27
12.314552499082522,0.2645,0.12314208936872342,0.08085586348919054,0.2645,0.0,0.0,0.0,0.0,0.825,1.0,0.82,0.0,0.0,0.0,7,27
11.870907378272888,0.2557,0.11928246138745388,0.07924005552451216,0.2557,0.0,0.0,0.0,0.0,0.63,1.0,0.927,0.0,0.0,0.0,8,27
11.718780450546703,0.2637,0.12229462563906626,0.08009547629822908,0.2637,0.0,0.0,0.0,0.0,0.8,1.0,0.837,0.0,0.0,0.0,9,27
25.827638025862722,0.271,0.16266413397802262,0.13341597924861234,0.271,0.0,0.0,0.0,0.0,0.0,0.0,0.0,1.0,0.994,0.716,10,27
20.740629982262753,0.2824,0.17201442886397822,0.13867842724573537,0.2824,0.0,0.0,0.0,0.0,0.0,0.0,0.0,0.996,0.994,0.834,11,27
24.169154225066066,0.2878,0.1760450777277503,0.1405477330420115,0.2878,0.0,0.0,0.0,0.0,0.0,0.0,0.0,0.917,0.993,0.968,12,27
23.043606191397476,0.2847,0.17342559396208318,0.13916024411981914,0.2847,0.0,0.0,0.0,0.0,0.0,0.0,0.0,0.993,0.993,0.861,13,27
23.54970605685688,0.2784,0.1689722268839357,0.13732636635171938,0.2784,0.0,0.0,0.0,0.0,0.0,0.0,0.0,0.998,0.994,0.792,14,27
9.606389492083663,0.3714,0.2594990079420799,0.22798858389543292,0.3714,0.965,0.95,0.941,0.858,0.0,0.0,0.0,0.0,0.0,0.0,0,28
8.47138573110294,0.3713,0.2552520976234484,0.21859323886358503,0.3713,0.915,0.928,0.937,0.933,0.0,0.0,0.0,0.0,0.0,0.0,1,28
10.561331401617764,0.3643,0.2543475403965024,0.21989422961126115,0.36429999999999996,0.824,0.92,0.978,0.921,0.0,0.0,0.0,0.0,0.0,0.0,2,28
12.065392803460265,0.2646,0.12280190072472633,0.08026554731727084,0.2646,0.0,0.0,0.0,0.0,0.863,1.0,0.783,0.0,0.0,0.0,3,28
10.950371079551527,0.2632,0.12217686417584728,0.07965847249993303,0.2632,0.0,0.0,0.0,0.0,0.867,1.0,0.765,0.0,0.0,0.0,4,28
11.090455731644798,0.2606,0.12243940666244738,0.08177108777263523,0.2606,0.0,0.0,0.0,0.0,0.69,1.0,0.916,0.0,0.0,0.0,5,28
11.760232780688106,0.2645,0.1231148538090487,0.08074947446763558,0.2645,0.0,0.0,0.0,0.0,0.83,1.0,0.815,0.0,0.0,0.0,6,28
12.057789886340547,0.2651,0.1233524946602218,0.0809155731322834,0.2651,0.0,0.0,0.0,0.0,0.838,1.0,0.813,0.0,0.0,0.0,7,28
11.88330127027469,0.256,0.11949349414285679,0.07940461618851578,0.256,0.0,0.0,0.0,0.0,0.634,1.0,0.926,0.0,0.0,0.0,8,28
11.744613607851461,0.2641,0.12238192465675776,0.08007964747974436,0.2641,0.0,0.0,0.0,0.0,0.804,1.0,0.837,0.0,0.0,0.0,9,28
27.183977769967466,0.2515,0.14562181631849952,0.12432547863057912,0.2515,0.0,0.0,0.0,0.0,0.0,0.0,0.0,1.0,0.994,0.521,10,28
17.912038004817294,0.2868,0.17284778899439115,0.13633598750327738,0.28680000000000005,0.0,0.0,0.0,0.0,0.0,0.0,0.0,0.989,0.982,0.897,11,28
24.3517543652568,0.29,0.17778707763094576,0.14192737866387875,0.29,0.0,0.0,0.0,0.0,0.0,0.0,0.0,0.954,0.993,0.953,12,28
24.066290300875046,0.2853,0.17397142777328112,0.13956891634150906,0.2853,0.0,0.0,0.0,0.0,0.0,0.0,0.0,0.993,0.994,0.866,13,28
24.492243352408607,0.2825,0.17228839261719328,0.1392575443842244,0.28250000000000003,0.0,0.0,0.0,0.0,0.0,0.0,0.0,0.996,0.994,0.835,14,28
9.766264170503463,0.3676,0.2575077895156553,0.22871907604768857,0.3676,0.965,0.944,0.949,0.818,0.0,0.0,0.0,0.0,0.0,0.0,0,29
10.01945110784171,0.371,0.25703158670005155,0.22131780718533242,0.37100000000000005,0.931,0.93,0.922,0.927,0.0,0.0,0.0,0.0,0.0,0.0,1,29
9.810642055048348,0.3727,0.24563685841421715,0.20440801391071423,0.37270000000000003,0.899,0.939,0.958,0.931,0.0,0.0,0.0,0.0,0.0,0.0,2,29
12.013303831362496,0.2651,0.12321849096518511,0.08061014116357451,0.2651,0.0,0.0,0.0,0.0,0.864,1.0,0.787,0.0,0.0,0.0,3,29
10.711958716090876,0.2647,0.12284083183860636,0.08010757689420704,0.26470000000000005,0.0,0.0,0.0,0.0,0.863,1.0,0.784,0.0,0.0,0.0,4,29
11.076013673227816,0.2612,0.12269728279831855,0.08180410037074273,0.2612,0.0,0.0,0.0,0.0,0.697,1.0,0.915,0.0,0.0,0.0,5,29
11.800550159174032,0.2655,0.12370384086505584,0.08122194685641854,0.26549999999999996,0.0,0.0,0.0,0.0,0.827,1.0,0.828,0.0,0.0,0.0,6,29
12.094601687531883,0.266,0.1239673032462238,0.08139933467254332,0.266,0.0,0.0,0.0,0.0,0.847,1.0,0.813,0.0,0.0,0.0,7,29
11.677226675965915,0.2568,0.11990881362168584,0.07963775564412273,0.25680000000000003,0.0,0.0,0.0,0.0,0.644,1.0,0.924,0.0,0.0,0.0,8,29
11.713271697108357,0.2647,0.12294103095299166,0.0806036003372132,0.2647,0.0,0.0,0.0,0.0,0.807,1.0,0.84,0.0,0.0,0.0,9,29
25.60842808062276,0.278,0.16847864457715475,0.1369288928367342,0.278,0.0,0.0,0.0,0.0,0.0,0.0,0.0,0.998,0.994,0.788,10,29
21.46991802556827,0.2842,0.17348489359703909,0.13961864721690737,0.2842,0.0,0.0,0.0,0.0,0.0,0.0,0.0,0.994,0.994,0.854,11,29
24.629072667691656,0.2889,0.1769384082480608,0.14125567700696123,0.28890000000000005,0.0,0.0,0.0,0.0,0.0,0.0,0.0,0.937,0.994,0.958,12,29
24.53640159935997,0.2859,0.1745398605313803,0.1400475591149794,0.2859,0.0,0.0,0.0,0.0,0.0,0.0,0.0,0.993,0.994,0.872,13,29
24.394439825234702,0.28,0.17012448889022408,0.13783809224915244,0.28,0.0,0.0,0.0,0.0,0.0,0.0,0.0,0.997,0.994,0.809,14,29
10.53270046855695,0.3657,0.258825791359118,0.2319017868184326,0.3657,0.975,0.941,0.931,0.81,0.0,0.0,0.0,0.0,0.0,0.0,0,30
9.455397502301981,0.372,0.2564280727082825,0.21931421838340298,0.372,0.935,0.932,0.91,0.943,0.0,0.0,0.0,0.0,0.0,0.0,1,30
9.072498169189062,0.3715,0.24447560159483475,0.20325724815336704,0.3715,0.907,0.936,0.949,0.923,0.0,0.0,0.0,0.0,0.0,0.0,2,30
12.115889367965844,0.2667,0.12408502134407351,0.08124705459574041,0.26670000000000005,0.0,0.0,0.0,0.0,0.866,1.0,0.801,0.0,0.0,0.0,3,30
10.75522402833445,0.2647,0.1227652993277015,0.08001004167248757,0.2647,0.0,0.0,0.0,0.0,0.868,1.0,0.779,0.0,0.0,0.0,4,30
11.0272897120101,0.2616,0.1230360074906524,0.08216486891852007,0.2616,0.0,0.0,0.0,0.0,0.701,1.0,0.915,0.0,0.0,0.0,5,30
11.888578480424972,0.2653,0.12371001212116992,0.0812473371609178,0.2653,0.0,0.0,0.0,0.0,0.837,1.0,0.816,0.0,0.0,0.0,6,30
11.813043722329429,0.2659,0.1239058197697152,0.08134635014067906,0.26589999999999997,0.0,0.0,0.0,0.0,0.845,1.0,0.814,0.0,0.0,0.0,7,30
11.687551705601116,0.2574,0.12011842231430511,0.07972655972217327,0.2574,0.0,0.0,0.0,0.0,0.652,1.0,0.922,0.0,0.0,0.0,8,30
11.813830090787844,0.265,0.12344243946857421,0.08114956159150129,0.265,0.0,0.0,0.0,0.0,0.804,1.0,0.846,0.0,0.0,0.0,9,30
26.412049512893628,0.2672,0.15943353789186734,0.13150974428267598,0.2672,0.0,0.0,0.0,0.0,0.0,0.0,0.0,1.0,0.994,0.678,10,30
18.655069281117985,0.2833,0.1727218906679304,0.13927672759067503,0.2833,0.0,0.0,0.0,0.0,0.0,0.0,0.0,0.996,0.994,0.843,11,30
24.801248075101324,0.2892,0.17711684207318618,0.1413571330699745,0.2892,0.0,0.0,0.0,0.0,0.0,0.0,0.0,0.932,0.993,0.967,12,30
24.91214122711279,0.2868,0.1753294573698585,0.14062032208368477,0.2868,0.0,0.0,0.0,0.0,0.0,0.0,0.0,0.992,0.994,0.882,13,30
24.615579010960392,0.2849,0.17409872758507394,0.1403671121025592,0.28490000000000004,0.0,0.0,0.0,0.0,0.0,0.0,0.0,0.994,0.994,0.861,14,30
9.672408390349855,0.3739,0.2591828756205854,0.2245323495424434,0.3739,0.949,0.95,0.942,0.898,0.0,0.0,0.0,0.0,0.0,0.0,0,31
9.665065922295323,0.3723,0.2576955952769661,0.22158858731433195,0.3723,0.934,0.936,0.926,0.927,0.0,0.0,0.0,0.0,0.0,0.0,1,31
10.412133823187588,0.3705,0.24331456791046654,0.2025686047444796,0.3705,0.876,0.936,0.966,0.927,0.0,0.0,0.0,0.0,0.0,0.0,2,31
12.01239972373548,0.2671,0.12429915173495512,0.08141806633688231,0.2671,0.0,0.0,0.0,0.0,0.867,1.0,0.804,0.0,0.0,0.0,3,31
10.739282950806542,0.2654,0.12318804794723437,0.08033402504330946,0.26539999999999997,0.0,0.0,0.0,0.0,0.867,1.0,0.787,0.0,0.0,0.0,4,31
10.907090241916645,0.2598,0.12278660955322289,0.08266650590721969,0.2598,0.0,0.0,0.0,0.0,0.673,1.0,0.925,0.0,0.0,0.0,5,31
11.909450972803866,0.266,0.12402559544449088,0.08140475764609792,0.266,0.0,0.0,0.0,0.0,0.848,1.0,0.812,0.0,0.0,0.0,6,31
11.984810911428433,0.2667,0.1244907632083286,0.08181840646163434,0.2667,0.0,0.0,0.0,0.0,0.855,1.0,0.812,0.0,0.0,0.0,7,31
11.411151922548921,0.2556,0.11897099414778985,0.07890117008923689,0.2556,0.0,0.0,0.0,0.0,0.633,1.0,0.923,0.0,0.0,0.0,8,31
11.611351387950178,0.2658,0.1243759329077049,0.0820631909799751,0.2658,0.0,0.0,0.0,0.0,0.807,1.0,0.851,0.0,0.0,0.0,9,31
26.736359459142715,0.2728,0.16428643091690187,0.1345933703775862,0.2728,0.0,0.0,0.0,0.0,0.0,0.0,0.0,0.999,0.994,0.735,10,31
21.928805415241865,0.2832,0.17275746385260526,0.13937334845267113,0.2832,0.0,0.0,0.0,0.0,0.0,0.0,0.0,0.996,0.994,0.842,11,31
25.108981211726277,0.2891,0.177038716765961,0.1413091800227106,0.2891,0.0,0.0,0.0,0.0,0.0,0.0,0.0,0.934,0.994,0.963,12,31
25.185905279823768,0.2872,0.17566007411097506,0.14085536535076237,0.2872,0.0,0.0,0.0,0.0,0.0,0.0,0.0,0.993,0.994,0.885,13,31
24.927242757413335,0.2823,0.1720436837145785,0.13917313256771052,0.2823,0.0,0.0,0.0,0.0,0.0,0.0,0.0,0.997,0.994,0.832,14,31
10.875852108001709,0.3705,0.2602828129640914,0.2284182875055226,0.3705,0.977,0.94,0.911,0.877,0.0,0.0,0.0,0.0,0.0,0.0,0,32
9.720972573033537,0.3731,0.25762753686787226,0.22189648279701135,0.37310000000000004,0.933,0.932,0.938,0.928,0.0,0.0,0.0,0.0,0.0,0.0,1,32
11.504990501525684,0.3717,0.25059920657186996,0.21295210765636896,0.37170000000000003,0.888,0.939,0.969,0.921,0.0,0.0,0.0,0.0,0.0,0.0,2,32
11.918841444265347,0.2678,0.12479531232305266,0.08181807149041441,0.2678,0.0,0.0,0.0,0.0,0.867,1.0,0.811,0.0,0.0,0.0,3,32
10.766851821265663,0.2666,0.12368807051314165,0.08065592864763939,0.2666,0.0,0.0,0.0,0.0,0.867,1.0,0.799,0.0,0.0,0.0,4,32
10.831886935919618,0.2624,0.12412130729416755,0.08335243604721776,0.2624,0.0,0.0,0.0,0.0,0.706,1.0,0.918,0.0,0.0,0.0,5,32
11.387129311363537,0.2668,0.12438823980082103,0.08157679176991398,0.26680000000000004,0.0,0.0,0.0,0.0,0.87,1.0,0.798,0.0,0.0,0.0,6,32
11.899761559483343,0.2672,0.12505639088970705,0.08239532234555887,0.2672,0.0,0.0,0.0,0.0,0.845,1.0,0.827,0.0,0.0,0.0,7,32
11.459565636448966,0.2569,0.11969544529471281,0.07941091615144344,0.2569,0.0,0.0,0.0,0.0,0.645,1.0,0.924,0.0,0.0,0.0,8,32
11.586232919662525,0.2668,0.12539504823469527,0.08303790567731809,0.26680000000000004,0.0,0.0,0.0,0.0,0.811,1.0,0.857,0.0,0.0,0.0,9,32
27.96097109188287,0.2393,0.13359127781890737,0.11862856698324223,0.23929999999999998,0.0,0.0,0.0,0.0,0.0,0.0,0.0,1.0,0.994,0.399,10,32
21.02626857818506,0.2859,0.17484771777887623,0.14059246958496102,0.2859,0.0,0.0,0.0,0.0,0.0,0.0,0.0,0.994,0.994,0.871,11,32
25.301636586174034,0.289,0.17698444863277313,0.14126676690848378,0.289,0.0,0.0,0.0,0.0,0.0,0.0,0.0,0.931,0.993,0.966,12,32
25.4761786811268,0.2868,0.17534739784989775,0.1406941696531827,0.28680000000000005,0.0,0.0,0.0,0.0,0.0,0.0,0.0,0.993,0.994,0.881,13,32
25.30362543282798,0.2846,0.1736744487525915,0.13993051155164155,0.2846,0.0,0.0,0.0,0.0,0.0,0.0,0.0,0.994,0.994,0.858,14,32
11.643499197670446,0.3709,0.25135649814168487,0.21390930084531234,0.3709,0.968,0.948,0.908,0.885,0.0,0.0,0.0,0.0,0.0,0.0,0,33
10.739133447884752,0.3726,0.2547933663507584,0.2173048378099698,0.3726,0.932,0.935,0.924,0.935,0.0,0.0,0.0,0.0,0.0,0.0,1,33
10.46083691935189,0.3733,0.2512265554664198,0.21120850081501535,0.37329999999999997,0.915,0.949,0.95,0.919,0.0,0.0,0.0,0.0,0.0,0.0,2,33
11.99049320464698,0.2692,0.12592930318661594,0.08280492959077441,0.2692,0.0,0.0,0.0,0.0,0.871,1.0,0.821,0.0,0.0,0.0,3,33
10.778498098111381,0.2674,0.12424665225761786,0.08112688947493646,0.26739999999999997,0.0,0.0,0.0,0.0,0.859,1.0,0.815,0.0,0.0,0.0,4,33
10.831798847490987,0.2631,0.12472303729947112,0.08389966887114883,0.2631,0.0,0.0,0.0,0.0,0.714,1.0,0.917,0.0,0.0,0.0,5,33
11.572551120965244,0.2678,0.1250766321708427,0.08213755145561522,0.2678,0.0,0.0,0.0,0.0,0.871,1.0,0.807,0.0,0.0,0.0,6,33
11.831512216561899,0.2678,0.1257172752774248,0.0830744222649854,0.2678,0.0,0.0,0.0,0.0,0.84,1.0,0.838,0.0,0.0,0.0,7,33
11.307540835663914,0.2584,0.12050733523622863,0.07990631978437776,0.2584,0.0,0.0,0.0,0.0,0.661,1.0,0.923,0.0,0.0,0.0,8,33
11.519538580800017,0.2674,0.12585302783541671,0.08339917156408874,0.26739999999999997,0.0,0.0,0.0,0.0,0.819,1.0,0.855,0.0,0.0,0.0,9,33
27.173340989377934,0.2831,0.17244333057415534,0.13909753049251303,0.2831,0.0,0.0,0.0,0.0,0.0,0.0,0.0,0.996,0.994,0.841,10,33
21.65230243122235,0.2831,0.17266947757813617,0.13938194044847382,0.2831,0.0,0.0,0.0,0.0,0.0,0.0,0.0,0.996,0.994,0.841,11,33
25.51681770531895,0.2901,0.1778085857019816,0.14190128280327566,0.29009999999999997,0.0,0.0,0.0,0.0,0.0,0.0,0.0,0.952,0.993,0.956,12,33
25.791835711786923,0.2844,0.17331636444200912,0.13932558281273627,0.2844,0.0,0.0,0.0,0.0,0.0,0.0,0.0,0.995,0.994,0.855,13,33
25.919988620014617,0.2835,0.17297068067963145,0.1396960505718036,0.2835,0.0,0.0,0.0,0.0,0.0,0.0,0.0,0.996,0.994,0.845,14,33
8.292884348299557,0.3728,0.25503011369889456,0.21939016743832723,0.37279999999999996,0.955,0.943,0.944,0.886,0.0,0.0,0.0,0.0,0.0,0.0,0,34
10.253048707882817,0.3724,0.2560515499810896,0.21879721745940586,0.3724,0.925,0.941,0.931,0.927,0.0,0.0,0.0,0.0,0.0,0.0,1,34
11.259678424737706,0.373,0.2522097896543266,0.21358816085190419,0.373,0.91,0.948,0.959,0.913,0.0,0.0,0.0,0.0,0.0,0.0,2,34
11.85417347441847,0.2692,0.1258262798732832,0.08267826261328706,0.2692,0.0,0.0,0.0,0.0,0.87,1.0,0.822,0.0,0.0,0.0,3,34
10.80482641500406,0.2681,0.12458825795699346,0.08138252036005839,0.2681,0.0,0.0,0.0,0.0,0.858,1.0,0.823,0.0,0.0,0.0,4,34
10.689951211118851,0.2623,0.12535007693095665,0.08522641257853467,0.26230000000000003,0.0,0.0,0.0,0.0,0.698,1.0,0.925,0.0,0.0,0.0,5,34
11.603823273326642,0.2682,0.12552205228334076,0.0825445769691707,0.2682,0.0,0.0,0.0,0.0,0.876,1.0,0.806,0.0,0.0,0.0,6,34
11.77583366004042,0.2689,0.12620121420158087,0.08331368334708034,0.26890000000000003,0.0,0.0,0.0,0.0,0.856,1.0,0.833,0.0,0.0,0.0,7,34
11.411895759570331,0.2592,0.1210819239532325,0.0803892048387423,0.2592,0.0,0.0,0.0,0.0,0.668,1.0,0.924,0.0,0.0,0.0,8,34
11.294571317422886,0.2683,0.12708286968548807,0.08463040522934051,0.2683,0.0,0.0,0.0,0.0,0.829,1.0,0.854,0.0,0.0,0.0,9,34
27.872365262942573,0.2781,0.16854781114641565,0.13710760969225538,0.27809999999999996,0.0,0.0,0.0,0.0,0.0,0.0,0.0,0.999,0.994,0.788,10,34
23.284203925452672,0.2836,0.1731471179234397,0.13964402069262144,0.28359999999999996,0.0,0.0,0.0,0.0,0.0,0.0,0.0,0.995,0.994,0.847,11,34
25.57285304876943,0.2911,0.17848645682382228,0.14244467865317562,0.2911,0.0,0.0,0.0,0.0,0.0,0.0,0.0,0.964,0.994,0.953,12,34
26.083114221834908,0.2873,0.17572554699719264,0.140910674026883,0.2873,0.0,0.0,0.0,0.0,0.0,0.0,0.0,0.993,0.994,0.886,13,34
25.593433818878076,0.2845,0.1736541959029899,0.13997729980031598,0.2845,0.0,0.0,0.0,0.0,0.0,0.0,0.0,0.994,0.994,0.857,14,34
11.679866844091933,0.3731,0.2558785518171718,0.22089297920331466,0.3731,0.95,0.947,0.944,0.89,0.0,0.0,0.0,0.0,0.0,0.0,0,35
9.696437707724282,0.3714,0.2533613020702041,0.21533268890325355,0.37140000000000006,0.949,0.928,0.906,0.931,0.0,0.0,0.0,0.0,0.0,0.0,1,35
10.767209074367731,0.3737,0.2523872378656219,0.21337908318472198,0.37370000000000003,0.913,0.954,0.96,0.91,0.0,0.0,0.0,0.0,0.0,0.0,2,35
11.750286429834823,0.2705,0.1266907667950607,0.08333939401568338,0.2705,0.0,0.0,0.0,0.0,0.879,1.0,0.826,0.0,0.0,0.0,3,35
11.020430785779373,0.269,0.1251746579310775,0.08185773955059829,0.269,0.0,0.0,0.0,0.0,0.856,1.0,0.834,0.0,0.0,0.0,4,35
10.718937933254546,0.2655,0.1274341325035336,0.08670927497008028,0.2655,0.0,0.0,0.0,0.0,0.734,1.0,0.921,0.0,0.0,0.0,5,35
11.666845641577968,0.2688,0.12596129524942296,0.08286391700813447,0.26880000000000004,0.0,0.0,0.0,0.0,0.885,1.0,0.803,0.0,0.0,0.0,6,35
11.634213313507958,0.2689,0.12681858533122833,0.08414395751604495,0.26890000000000003,0.0,0.0,0.0,0.0,0.84,1.0,0.849,0.0,0.0,0.0,7,35
11.211497596277596,0.2606,0.12220000728660112,0.08134933115734168,0.2606,0.0,0.0,0.0,0.0,0.687,1.0,0.919,0.0,0.0,0.0,8,35
11.605510525810072,0.2692,0.12754249471223558,0.08503237269819898,0.2692,0.0,0.0,0.0,0.0,0.822,1.0,0.87,0.0,0.0,0.0,9,35
29.0516628990539,0.2504,0.14431733006854955,0.12330180559855179,0.2504,0.0,0.0,0.0,0.0,0.0,0.0,0.0,1.0,0.994,0.51,10,35
23.261840671015243,0.2869,0.17561193610809372,0.1410807276506758,0.2869,0.0,0.0,0.0,0.0,0.0,0.0,0.0,0.994,0.994,0.881,11,35
26.488587309377262,0.2913,0.17886729881447558,0.1429432351540852,0.2913,0.0,0.0,0.0,0.0,0.0,0.0,0.0,0.968,0.994,0.951,12,35
25.60656592640252,0.2866,0.17515976173553363,0.14053903595381714,0.2866,0.0,0.0,0.0,0.0,0.0,0.0,0.0,0.993,0.994,0.879,13,35
26.34504503792467,0.2675,0.15988149207640626,0.13211987788370988,0.26749999999999996,0.0,0.0,0.0,0.0,0.0,0.0,0.0,1.0,0.994,0.681,14,35
10.392907368108487,0.3736,0.25606585140914645,0.21966301230711505,0.3736,0.941,0.954,0.952,0.889,0.0,0.0,0.0,0.0,0.0,0.0,0,36
10.660711233608257,0.3729,0.25631955468066386,0.21835762133790354,0.3729,0.936,0.95,0.92,0.923,0.0,0.0,0.0,0.0,0.0,0.0,1,36
13.81633901291381,0.3609,0.26100210971624227,0.23011027336741757,0.3609,0.782,0.939,0.982,0.906,0.0,0.0,0.0,0.0,0.0,0.0,2,36
11.632695746497985,0.2706,0.12721239027603667,0.08391260552333056,0.2706,0.0,0.0,0.0,0.0,0.878,1.0,0.828,0.0,0.0,0.0,3,36
11.107594051300147,0.27,0.1258263249393211,0.08243490816977124,0.27,0.0,0.0,0.0,0.0,0.846,1.0,0.854,0.0,0.0,0.0,4,36
10.578486221666916,0.2658,0.1276503485637511,0.08687665756535429,0.2658,0.0,0.0,0.0,0.0,0.734,1.0,0.924,0.0,0.0,0.0,5,36
11.630436478331447,0.2698,0.12676999018300544,0.08353552622302378,0.26980000000000004,0.0,0.0,0.0,0.0,0.894,1.0,0.804,0.0,0.0,0.0,6,36
11.83015033612236,0.2702,0.12847176356031334,0.08576474283843785,0.2702,0.0,0.0,0.0,0.0,0.856,1.0,0.846,0.0,0.0,0.0,7,36
11.13971440251262,0.2619,0.12270766086964194,0.08149609751382425,0.2619,0.0,0.0,0.0,0.0,0.701,1.0,0.918,0.0,0.0,0.0,8,36
11.593042618931293,0.2697,0.12849822531904107,0.08607181836008851,0.2697,0.0,0.0,0.0,0.0,0.825,1.0,0.872,0.0,0.0,0.0,9,36
29.339083942742395,0.254,0.14774749586559818,0.12538328657101058,0.254,0.0,0.0,0.0,0.0,0.0,0.0,0.0,1.0,0.994,0.546,10,36
23.221712520709055,0.2884,0.17668163131641182,0.14173053130779006,0.28840000000000005,0.0,0.0,0.0,0.0,0.0,0.0,0.0,0.993,0.994,0.897,11,36
26.932270513175013,0.29,0.1778468052668522,0.14203401894441017,0.29,0.0,0.0,0.0,0.0,0.0,0.0,0.0,0.941,0.994,0.965,12,36
26.997718616034657,0.2854,0.17425430110811155,0.14008272893441182,0.2854,0.0,0.0,0.0,0.0,0.0,0.0,0.0,0.995,0.994,0.865,13,36
26.85278632313299,0.2784,0.1687739122017867,0.13707291011589123,0.2784,0.0,0.0,0.0,0.0,0.0,0.0,0.0,0.998,0.994,0.792,14,36
11.792157963822826,0.355,0.2536122000937723,0.23609354641378721,0.355,0.983,0.947,0.925,0.695,0.0,0.0,0.0,0.0,0.0,0.0,0,37
10.747184314666846,0.3704,0.2513884350878549,0.21266172733203428,0.3704,0.907,0.926,0.924,0.947,0.0,0.0,0.0,0.0,0.0,0.0,1,37
11.578705857736995,0.3739,0.25571135904744435,0.2176208851895141,0.3739,0.912,0.953,0.959,0.915,0.0,0.0,0.0,0.0,0.0,0.0,2,37
11.776653932687193,0.2711,0.12758374556165045,0.08423519676742568,0.2711,0.0,0.0,0.0,0.0,0.882,1.0,0.829,0.0,0.0,0.0,3,37
11.135684575516576,0.2703,0.12643590452680414,0.08311199065252926,0.2703,0.0,0.0,0.0,0.0,0.837,1.0,0.866,0.0,0.0,0.0,4,37
10.621890598211806,0.2673,0.1294815441639526,0.08875405512055899,0.2673,0.0,0.0,0.0,0.0,0.751,1.0,0.922,0.0,0.0,0.0,5,37
11.71101699012537,0.27,0.12697063222790272,0.08372007990306647,0.27,0.0,0.0,0.0,0.0,0.893,1.0,0.807,0.0,0.0,0.0,6,37
11.70431633422169,0.2707,0.12865028578698415,0.0858227949772524,0.2707,0.0,0.0,0.0,0.0,0.859,1.0,0.848,0.0,0.0,0.0,7,37
11.21497241529032,0.2628,0.1234334990842925,0.082127122652051,0.26280000000000003,0.0,0.0,0.0,0.0,0.71,1.0,0.918,0.0,0.0,0.0,8,37
11.255756414736421,0.2703,0.12873141833801519,0.0860520844941576,0.2703,0.0,0.0,0.0,0.0,0.841,1.0,0.862,0.0,0.0,0.0,9,37
28.092305021925856,0.2884,0.1765475066705754,0.14154049196711344,0.2884,0.0,0.0,0.0,0.0,0.0,0.0,0.0,0.991,0.994,0.899,10,37
23.970075159408033,0.2867,0.17563491286036367,0.14127520864986293,0.2867,0.0,0.0,0.0,0.0,0.0,0.0,0.0,0.994,0.994,0.879,11,37
25.790512377461685,0.2893,0.17703360604045337,0.1412026021032689,0.2893,0.0,0.0,0.0,0.0,0.0,0.0,0.0,0.934,0.994,0.965,12,37
27.193700622826718,0.2852,0.17409265042893704,0.13994599766405275,0.2852,0.0,0.0,0.0,0.0,0.0,0.0,0.0,0.994,0.994,0.864,13,37
27.898885199817986,0.2856,0.1746840626781633,0.14079740844897715,0.28559999999999997,0.0,0.0,0.0,0.0,0.0,0.0,0.0,0.993,0.994,0.869,14,37
11.775961862204555,0.3712,0.2525209627008949,0.21641216193618065,0.37120000000000003,0.925,0.905,0.946,0.936,0.0,0.0,0.0,0.0,0.0,0.0,0,38
10.233810705117905,0.3728,0.2581897630659096,0.22308550093784377,0.3728,0.947,0.931,0.933,0.917,0.0,0.0,0.0,0.0,0.0,0.0,1,38
11.312805130078008,0.3685,0.2441544740835065,0.20568953586591343,0.3685,0.902,0.902,0.959,0.922,0.0,0.0,0.0,0.0,0.0,0.0,2,38
11.736213600292754,0.2711,0.1280299477035476,0.08473256189231113,0.2711,0.0,0.0,0.0,0.0,0.883,1.0,0.828,0.0,0.0,0.0,3,38
11.338398206729098,0.2704,0.1264522332825297,0.08310392305049309,0.2704,0.0,0.0,0.0,0.0,0.841,1.0,0.863,0.0,0.0,0.0,4,38
10.66020453242829,0.2677,0.12938570996919033,0.08830493913571927,0.2677,0.0,0.0,0.0,0.0,0.762,1.0,0.915,0.0,0.0,0.0,5,38
11.60963919368415,0.2703,0.1273826628884246,0.08409962992236578,0.27030000000000004,0.0,0.0,0.0,0.0,0.898,1.0,0.805,0.0,0.0,0.0,6,38
11.945874756517501,0.2713,0.12903876434711986,0.08616815796186379,0.2713,0.0,0.0,0.0,0.0,0.857,1.0,0.856,0.0,0.0,0.0,7,38
11.084182728593722,0.2641,0.12449446424209025,0.08300712592280071,0.2641,0.0,0.0,0.0,0.0,0.72,1.0,0.921,0.0,0.0,0.0,8,38
11.642934712358176,0.2702,0.12974584865448296,0.08738806175550529,0.2702,0.0,0.0,0.0,0.0,0.842,1.0,0.86,0.0,0.0,0.0,9,38
29.502604429714214,0.2828,0.17227785462638454,0.13934112852634006,0.2828,0.0,0.0,0.0,0.0,0.0,0.0,0.0,0.999,0.994,0.835,10,38
24.778222970688304,0.2882,0.17664389293186247,0.1418345330729243,0.2882,0.0,0.0,0.0,0.0,0.0,0.0,0.0,0.994,0.994,0.894,11,38
26.460866797084627,0.2915,0.17878878021248937,0.1427669941635234,0.2915,0.0,0.0,0.0,0.0,0.0,0.0,0.0,0.975,0.994,0.946,12,38
27.586504930124494,0.2893,0.17732696681823135,0.14211393467308206,0.2893,0.0,0.0,0.0,0.0,0.0,0.0,0.0,0.993,0.994,0.906,13,38
27.877513404090564,0.2907,0.1783617907418234,0.14270308603881768,0.2907,0.0,0.0,0.0,0.0,0.0,0.0,0.0,0.983,0.994,0.93,14,38
12.174357508698971,0.3741,0.25804414424364086,0.22322465416791912,0.3741,0.949,0.955,0.952,0.885,0.0,0.0,0.0,0.0,0.0,0.0,0,39
7.751044531599782,0.3698,0.2507189321869767,0.2133866986637029,0.3698,0.932,0.912,0.917,0.937,0.0,0.0,0.0,0.0,0.0,0.0,1,39
10.551212318408222,0.3742,0.25417799963964216,0.2148480669167661,0.3742,0.917,0.95,0.948,0.927,0.0,0.0,0.0,0.0,0.0,0.0,2,39
11.875266388963206,0.2709,0.1279553858768771,0.08465476403216768,0.27090000000000003,0.0,0.0,0.0,0.0,0.886,1.0,0.823,0.0,0.0,0.0,3,39
11.15424443662357,0.2706,0.12661958579786187,0.0832253693587232,0.2706,0.0,0.0,0.0,0.0,0.847,1.0,0.859,0.0,0.0,0.0,4,39
10.714212132718997,0.2675,0.12913642400540415,0.08805362724194613,0.26749999999999996,0.0,0.0,0.0,0.0,0.759,1.0,0.916,0.0,0.0,0.0,5,39
11.703567716641167,0.2707,0.12767293847004813,0.08431917010869458,0.2707,0.0,0.0,0.0,0.0,0.903,1.0,0.804,0.0,0.0,0.0,6,39
12.16869220489892,0.2718,0.12940986781499442,0.08645840125139681,0.2718,0.0,0.0,0.0,0.0,0.864,1.0,0.854,0.0,0.0,0.0,7,39
11.283519862178034,0.2639,0.12430552289870347,0.08286504852900918,0.2639,0.0,0.0,0.0,0.0,0.718,1.0,0.921,0.0,0.0,0.0,8,39
11.837471949787567,0.27,0.13078029937319588,0.08894958036160998,0.27,0.0,0.0,0.0,0.0,0.823,1.0,0.877,0.0,0.0,0.0,9,39
30.43535181356314,0.2673,0.15967777414006795,0.1322260334528442,0.2673,0.0,0.0,0.0,0.0,0.0,0.0,0.0,0.999,0.994,0.68,10,39
24.425261841795315,0.2877,0.17613026120980363,0.1412957086510153,0.28769999999999996,0.0,0.0,0.0,0.0,0.0,0.0,0.0,0.992,0.994,0.891,11,39
27.40776529098852,0.2902,0.1776360645157613,0.14161859457500925,0.2902,0.0,0.0,0.0,0.0,0.0,0.0,0.0,0.949,0.994,0.959,12,39
28.083685329546945,0.2835,0.17278866534880993,0.139217334735304,0.2835,0.0,0.0,0.0,0.0,0.0,0.0,0.0,0.996,0.994,0.845,13,39
27.68292381055058,0.2902,0.17793947173153962,0.14248871166479846,0.2902,0.0,0.0,0.0,0.0,0.0,0.0,0.0,0.99,0.994,0.918,14,39
15.26047990725825,0.3688,0.262261709431958,0.231243120694734,0.36879999999999996,0.893,0.95,0.979,0.866,0.0,0.0,0.0,0.0,0.0,0.0,0,40
10.891042131966294,0.3735,0.2551325563625899,0.21600480890905538,0.3735,0.932,0.943,0.917,0.943,0.0,0.0,0.0,0.0,0.0,0.0,1,40
10.873998739468023,0.3732,0.24900424313981234,0.2086000643751448,0.3732,0.917,0.938,0.938,0.939,0.0,0.0,0.0,0.0,0.0,0.0,2,40
11.708006596793762,0.2717,0.12927551963047185,0.08609591278564084,0.2717,0.0,0.0,0.0,0.0,0.878,1.0,0.839,0.0,0.0,0.0,3,40
11.359389792615994,0.2716,0.12724227922185932,0.0837411865726079,0.2716,0.0,0.0,0.0,0.0,0.85,1.0,0.866,0.0,0.0,0.0,4,40
10.772752144847054,0.268,0.12996324519827465,0.08894092201752257,0.268,0.0,0.0,0.0,0.0,0.766,1.0,0.914,0.0,0.0,0.0,5,40
11.740934458784402,0.2709,0.1282327436203225,0.08489832081115735,0.27090000000000003,0.0,0.0,0.0,0.0,0.904,1.0,0.805,0.0,0.0,0.0,6,40
12.33699851599745,0.2717,0.12996240016373872,0.0872442365273665,0.2717,0.0,0.0,0.0,0.0,0.855,1.0,0.862,0.0,0.0,0.0,7,40
11.368401493889074,0.2643,0.12499100952016254,0.08364273877164873,0.2643,0.0,0.0,0.0,0.0,0.719,1.0,0.924,0.0,0.0,0.0,8,40
11.91866092102977,0.2708,0.13163712398786906,0.08967697791668727,0.27080000000000004,0.0,0.0,0.0,0.0,0.841,1.0,0.867,0.0,0.0,0.0,9,40
29.904532411227972,0.2847,0.17370601508549374,0.1399816663777946,0.2847,0.0,0.0,0.0,0.0,0.0,0.0,0.0,0.995,0.994,0.858,10,40
24.466292841365924,0.2859,0.1747591512730701,0.1405929639149322,0.2859,0.0,0.0,0.0,0.0,0.0,0.0,0.0,0.995,0.994,0.87,11,40
27.93076921347231,0.2902,0.17812261933948897,0.14280869760036197,0.2902,0.0,0.0,0.0,0.0,0.0,0.0,0.0,0.989,0.994,0.919,12,40
28.002141315716145,0.2884,0.17657561098924043,0.14159328529999454,0.2884,0.0,0.0,0.0,0.0,0.0,0.0,0.0,0.994,0.994,0.896,13,40
28.374633469139805,0.2906,0.17821187366849106,0.1425544844247939,0.29059999999999997,0.0,0.0,0.0,0.0,0.0,0.0,0.0,0.983,0.994,0.929,14,40
13.050382257650455,0.3736,0.25108045281117874,0.2130801949429726,0.37360000000000004,0.932,0.95,0.958,0.896,0.0,0.0,0.0,0.0,0.0,0.0,0,41
10.982915058684425,0.3654,0.2473779128633943,0.20799672217265464,0.3654,0.823,0.93,0.941,0.96,0.0,0.0,0.0,0.0,0.0,0.0,1,41
10.24976849175109,0.3747,0.24577685975295555,0.20299901227379696,0.3747,0.931,0.948,0.943,0.925,0.0,0.0,0.0,0.0,0.0,0.0,2,41
11.602445888823976,0.2721,0.12899053284347037,0.08557647137132643,0.2721,0.0,0.0,0.0,0.0,0.887,1.0,0.834,0.0,0.0,0.0,3,41
11.287179687914376,0.2718,0.12730501773843833,0.08377588200052917,0.2718,0.0,0.0,0.0,0.0,0.849,1.0,0.869,0.0,0.0,0.0,4,41
10.874402180266456,0.2683,0.12973194007745645,0.08845265068492367,0.2683,0.0,0.0,0.0,0.0,0.771,1.0,0.912,0.0,0.0,0.0,5,41
11.805258108023256,0.2717,0.12903269717344906,0.08563646640325731,0.2717,0.0,0.0,0.0,0.0,0.907,1.0,0.81,0.0,0.0,0.0,6,41
12.461501566365884,0.2716,0.13047836308357347,0.08793744741507496,0.2716,0.0,0.0,0.0,0.0,0.853,1.0,0.863,0.0,0.0,0.0,7,41
11.431529669715955,0.2655,0.12565602395658643,0.08406305852851823,0.26549999999999996,0.0,0.0,0.0,0.0,0.731,1.0,0.924,0.0,0.0,0.0,8,41
11.845727635648684,0.2712,0.13205075003858455,0.09003073235003838,0.2712,0.0,0.0,0.0,0.0,0.85,1.0,0.862,0.0,0.0,0.0,9,41
33.036349616492515,0.2504,0.14460584725118134,0.12416659764691547,0.2504,0.0,0.0,0.0,0.0,0.0,0.0,0.0,1.0,0.994,0.51,10,41
24.843417137194745,0.2863,0.1753777907059897,0.141306176930652,0.2863,0.0,0.0,0.0,0.0,0.0,0.0,0.0,0.995,0.994,0.874,11,41
28.886301479400537,0.2912,0.1788102766448905,0.14291236960479264,0.2912,0.0,0.0,0.0,0.0,0.0,0.0,0.0,0.969,0.994,0.949,12,41
27.77004503670592,0.288,0.1761278299982369,0.14116680563845135,0.288,0.0,0.0,0.0,0.0,0.0,0.0,0.0,0.993,0.994,0.893,13,41
28.330852283075593,0.291,0.17845004526494518,0.14267109962856178,0.29100000000000004,0.0,0.0,0.0,0.0,0.0,0.0,0.0,0.982,0.994,0.934,14,41
10.05182748709243,0.3724,0.2574356206581562,0.22247251221956849,0.3724,0.956,0.955,0.939,0.874,0.0,0.0,0.0,0.0,0.0,0.0,0,42
11.306855977152864,0.373,0.25121095081407246,0.21133447883759615,0.37300000000000005,0.922,0.935,0.928,0.945,0.0,0.0,0.0,0.0,0.0,0.0,1,42
9.911040857577095,0.3738,0.2544674653945924,0.2159963441059448,0.3738,0.926,0.95,0.951,0.911,0.0,0.0,0.0,0.0,0.0,0.0,2,42
12.043638796090319,0.2727,0.12898562159402935,0.08539588592378347,0.27270000000000005,0.0,0.0,0.0,0.0,0.898,1.0,0.829,0.0,0.0,0.0,3,42
11.507542735090652,0.2721,0.12746283782145315,0.08389749164776575,0.2721,0.0,0.0,0.0,0.0,0.848,1.0,0.873,0.0,0.0,0.0,4,42
10.90722611613167,0.2685,0.12937169838042303,0.08784224900911504,0.2685,0.0,0.0,0.0,0.0,0.773,1.0,0.912,0.0,0.0,0.0,5,42
11.648664498862367,0.2718,0.1293118478068861,0.08590320787879548,0.2718,0.0,0.0,0.0,0.0,0.906,1.0,0.812,0.0,0.0,0.0,6,42
12.522747569952529,0.2715,0.13023143443093912,0.08772748990618305,0.27149999999999996,0.0,0.0,0.0,0.0,0.842,1.0,0.873,0.0,0.0,0.0,7,42
11.338843764588475,0.2662,0.1258372745799905,0.08403188283071686,0.2662,0.0,0.0,0.0,0.0,0.738,1.0,0.924,0.0,0.0,0.0,8,42
12.053822688020457,0.2715,0.1329600340476237,0.09126050062755305,0.27149999999999996,0.0,0.0,0.0,0.0,0.841,1.0,0.874,0.0,0.0,0.0,9,42
32.46434579185023,0.2538,0.14773304643754998,0.12566533069436234,0.2538,0.0,0.0,0.0,0.0,0.0,0.0,0.0,1.0,0.994,0.544,10,42
25.988029626230844,0.2877,0.1762759080784623,0.14162681664878538,0.2877,0.0,0.0,0.0,0.0,0.0,0.0,0.0,0.993,0.994,0.89,11,42
29.512113431010384,0.291,0.17887227324434155,0.1431808452353977,0.291,0.0,0.0,0.0,0.0,0.0,0.0,0.0,0.975,0.994,0.941,12,42
29.540073924932997,0.2876,0.17599807782746552,0.1412221412651346,0.2876,0.0,0.0,0.0,0.0,0.0,0.0,0.0,0.993,0.994,0.889,13,42
28.470367117811698,0.29,0.17777127205310675,0.1423569552713156,0.29,0.0,0.0,0.0,0.0,0.0,0.0,0.0,0.988,0.994,0.918,14,42
11.306842516024654,0.3742,0.2561307199269126,0.21883268708728817,0.3742,0.949,0.956,0.949,0.888,0.0,0.0,0.0,0.0,0.0,0.0,0,43
12.114453248703441,0.3736,0.2539819119793923,0.2151635275801163,0.3736,0.923,0.937,0.927,0.949,0.0,0.0,0.0,0.0,0.0,0.0,1,43
11.75838096758809,0.374,0.25370545739263434,0.21292928820331367,0.374,0.913,0.959,0.937,0.931,0.0,0.0,0.0,0.0,0.0,0.0,2,43
12.152836604621083,0.2727,0.12905268535432274,0.08549872250420994,0.2727,0.0,0.0,0.0,0.0,0.899,1.0,0.828,0.0,0.0,0.0,3,43
11.439145423352908,0.273,0.1280848141504752,0.08439205164217747,0.273,0.0,0.0,0.0,0.0,0.854,1.0,0.876,0.0,0.0,0.0,4,43
10.854149740724898,0.2691,0.12934202968958197,0.08757630157802958,0.2691,0.0,0.0,0.0,0.0,0.776,1.0,0.915,0.0,0.0,0.0,5,43
11.776610045387342,0.2722,0.13025861353569954,0.08694120377866357,0.2722,0.0,0.0,0.0,0.0,0.906,1.0,0.816,0.0,0.0,0.0,6,43
12.347015176718227,0.2723,0.13104050038639697,0.08837048816664599,0.2723,0.0,0.0,0.0,0.0,0.863,1.0,0.86,0.0,0.0,0.0,7,43
11.360884718239879,0.2669,0.12651980456961115,0.0846599432313718,0.2669,0.0,0.0,0.0,0.0,0.747,1.0,0.922,0.0,0.0,0.0,8,43
12.276206050056238,0.2713,0.13348467511067977,0.09199154553337333,0.2713,0.0,0.0,0.0,0.0,0.842,1.0,0.871,0.0,0.0,0.0,9,43
31.60764877026835,0.2878,0.17608463184391895,0.1413352200879574,0.2878,0.0,0.0,0.0,0.0,0.0,0.0,0.0,0.994,0.994,0.89,10,43
21.604399580544175,0.2882,0.1761416598525504,0.14104881371073769,0.2882,0.0,0.0,0.0,0.0,0.0,0.0,0.0,0.993,0.993,0.896,11,43
29.925088041506637,0.2913,0.17902818759630704,0.14333062239129837,0.2913,0.0,0.0,0.0,0.0,0.0,0.0,0.0,0.982,0.994,0.937,12,43
29.203670937413225,0.2897,0.17762263998191524,0.1422371490607383,0.2897,0.0,0.0,0.0,0.0,0.0,0.0,0.0,0.99,0.994,0.913,13,43
28.62766544963605,0.2915,0.17890450778546668,0.14301099185402646,0.2915,0.0,0.0,0.0,0.0,0.0,0.0,0.0,0.98,0.994,0.941,14,43
14.742130898058225,0.3682,0.2582062657573017,0.2231585959634354,0.36819999999999997,0.852,0.951,0.978,0.901,0.0,0.0,0.0,0.0,0.0,0.0,0,44
12.89938001358471,0.3751,0.25263863029949973,0.21415548446493737,0.37510000000000004,0.936,0.938,0.942,0.935,0.0,0.0,0.0,0.0,0.0,0.0,1,44
12.347977112657347,0.3747,0.24850306653241683,0.2064486017955783,0.3747,0.908,0.955,0.958,0.926,0.0,0.0,0.0,0.0,0.0,0.0,2,44
12.155037020722897,0.2725,0.12941366554865766,0.0859667733296717,0.2725,0.0,0.0,0.0,0.0,0.897,1.0,0.828,0.0,0.0,0.0,3,44
11.578361777832713,0.2729,0.12846658887730444,0.0849271797932015,0.27290000000000003,0.0,0.0,0.0,0.0,0.848,1.0,0.881,0.0,0.0,0.0,4,44
10.867304882683312,0.2694,0.12993723436120147,0.08823887775279635,0.2694,0.0,0.0,0.0,0.0,0.781,1.0,0.913,0.0,0.0,0.0,5,44
12.03278749971725,0.2717,0.13009525218166532,0.0868338115705368,0.2717,0.0,0.0,0.0,0.0,0.908,1.0,0.809,0.0,0.0,0.0,6,44
12.567550089412604,0.273,0.13194439585583134,0.08941336586462457,0.273,0.0,0.0,0.0,0.0,0.857,1.0,0.873,0.0,0.0,0.0,7,44
11.395530635175614,0.2673,0.12655463075506507,0.08453256615922194,0.2673,0.0,0.0,0.0,0.0,0.754,1.0,0.919,0.0,0.0,0.0,8,44
12.297987758161161,0.2711,0.13402689144844454,0.09270766122628847,0.2711,0.0,0.0,0.0,0.0,0.849,1.0,0.862,0.0,0.0,0.0,9,44
33.829445982131716,0.28,0.17084221128356633,0.13913233396496696,0.27999999999999997,0.0,0.0,0.0,0.0,0.0,0.0,0.0,0.999,0.994,0.807,10,44
26.400205761479874,0.2883,0.1768156003643338,0.14200267005143766,0.2883,0.0,0.0,0.0,0.0,0.0,0.0,0.0,0.994,0.994,0.895,11,44
30.988620441180828,0.2882,0.17697113345337917,0.1425015932772496,0.2882,0.0,0.0,0.0,0.0,0.0,0.0,0.0,0.993,0.994,0.895,12,44
30.52127025835811,0.2888,0.17699527976426183,0.14195941553074826,0.2888,0.0,0.0,0.0,0.0,0.0,0.0,0.0,0.994,0.994,0.9,13,44
28.648020531041933,0.2897,0.1775064685640034,0.1422873955986539,0.2897,0.0,0.0,0.0,0.0,0.0,0.0,0.0,0.993,0.994,0.91,14,44
10.005459176084866,0.3741,0.2563149662349133,0.21976636254150755,0.3741,0.936,0.953,0.955,0.897,0.0,0.0,0.0,0.0,0.0,0.0,0,45
11.780261309383015,0.3735,0.25162452328963314,0.21183448741359784,0.37350000000000005,0.949,0.937,0.915,0.934,0.0,0.0,0.0,0.0,0.0,0.0,1,45
8.957190745935653,0.3734,0.2533827818444808,0.2146423580133751,0.3734,0.9,0.949,0.957,0.928,0.0,0.0,0.0,0.0,0.0,0.0,2,45
12.118433062641765,0.2731,0.12994568028524908,0.08639196685106665,0.2731,0.0,0.0,0.0,0.0,0.902,1.0,0.829,0.0,0.0,0.0,3,45
11.670426469260512,0.2735,0.12857061797140168,0.0848612608887821,0.2735,0.0,0.0,0.0,0.0,0.854,1.0,0.881,0.0,0.0,0.0,4,45
10.894040870971192,0.27,0.12971771779224,0.08768942104110415,0.27,0.0,0.0,0.0,0.0,0.789,1.0,0.911,0.0,0.0,0.0,5,45
12.228377421443074,0.2727,0.13104559214162978,0.08775792835256221,0.27270000000000005,0.0,0.0,0.0,0.0,0.906,1.0,0.821,0.0,0.0,0.0,6,45
12.712047287450432,0.2726,0.1316246661100852,0.0890797678002304,0.2726,0.0,0.0,0.0,0.0,0.859,1.0,0.867,0.0,0.0,0.0,7,45
11.266410128377116,0.2673,0.12694346770980475,0.08506035674074917,0.2673,0.0,0.0,0.0,0.0,0.751,1.0,0.922,0.0,0.0,0.0,8,45
12.451885607295905,0.2721,0.1339986851516916,0.09227750880892406,0.2721,0.0,0.0,0.0,0.0,0.858,1.0,0.863,0.0,0.0,0.0,9,45
32.36242752562696,0.2886,0.1766741984970413,0.1417619207652801,0.2886,0.0,0.0,0.0,0.0,0.0,0.0,0.0,0.994,0.994,0.898,10,45
26.490722135233042,0.2887,0.17686397884348184,0.14185349490262456,0.2887,0.0,0.0,0.0,0.0,0.0,0.0,0.0,0.993,0.994,0.9,11,45
11.212916847996818,0.2892,0.17754420740926294,0.1419311272762979,0.2892,0.0,0.0,0.0,0.0,0.0,0.0,0.0,0.952,0.99,0.95,12,45
30.38664374183923,0.2857,0.17445825138829632,0.14019802715090185,0.2857,0.0,0.0,0.0,0.0,0.0,0.0,0.0,0.994,0.994,0.869,13,45
30.407633650417146,0.2909,0.17847789767188177,0.14277542330230975,0.2909,0.0,0.0,0.0,0.0,0.0,0.0,0.0,0.983,0.994,0.932,14,45
13.674865158982932,0.3752,0.25675036959595293,0.21959064027767608,0.3752,0.931,0.958,0.959,0.904,0.0,0.0,0.0,0.0,0.0,0.0,0,46
11.024389190795704,0.3602,0.23968772375360334,0.1998735649523753,0.3602,0.782,0.923,0.92,0.977,0.0,0.0,0.0,0.0,0.0,0.0,1,46
13.569329021076044,0.3741,0.25180876893844883,0.21207818876558898,0.3741,0.907,0.955,0.959,0.92,0.0,0.0,0.0,0.0,0.0,0.0,2,46
12.227931318191674,0.2731,0.13010938135151268,0.08658350404714076,0.2731,0.0,0.0,0.0,0.0,0.904,1.0,0.827,0.0,0.0,0.0,3,46
11.836034348216682,0.273,0.12842704996875529,0.08485028675201448,0.273,0.0,0.0,0.0,0.0,0.844,1.0,0.886,0.0,0.0,0.0,4,46
10.875183184687703,0.2704,0.1300744914544909,0.08797708400461685,0.2704,0.0,0.0,0.0,0.0,0.791,1.0,0.913,0.0,0.0,0.0,5,46
12.151222628145552,0.2729,0.1311875827825914,0.08784752036043156,0.27290000000000003,0.0,0.0,0.0,0.0,0.91,1.0,0.819,0.0,0.0,0.0,6,46
12.820050477219846,0.2732,0.13187538030182383,0.08918593191265074,0.2732,0.0,0.0,0.0,0.0,0.863,1.0,0.869,0.0,0.0,0.0,7,46
11.384068681028323,0.2674,0.12696270669961487,0.0850503233685497,0.2674,0.0,0.0,0.0,0.0,0.753,1.0,0.921,0.0,0.0,0.0,8,46
12.484438500084435,0.2726,0.13494211869969674,0.09357009164040489,0.2726,0.0,0.0,0.0,0.0,0.847,1.0,0.879,0.0,0.0,0.0,9,46
31.465662873971958,0.2457,0.14045706440871517,0.12297812830424937,0.24569999999999997,0.0,0.0,0.0,0.0,0.0,0.0,0.0,1.0,0.994,0.463,10,46
25.18435507460524,0.2881,0.1766200576541809,0.14198240609186086,0.2881,0.0,0.0,0.0,0.0,0.0,0.0,0.0,0.994,0.994,0.893,11,46
27.837038783600537,0.2907,0.1788191613489855,0.14347013542148823,0.2907,0.0,0.0,0.0,0.0,0.0,0.0,0.0,0.983,0.994,0.93,12,46
27.068156827372103,0.2889,0.17701570346814885,0.1419455120601835,0.28890000000000005,0.0,0.0,0.0,0.0,0.0,0.0,0.0,0.993,0.994,0.902,13,46
25.065261432538016,0.2906,0.17750893745610916,0.14136240914496928,0.29059999999999997,0.0,0.0,0.0,0.0,0.0,0.0,0.0,0.98,0.993,0.933,14,46
13.070660769368132,0.3741,0.2575368038200715,0.22163797986535708,0.3741,0.945,0.956,0.941,0.899,0.0,0.0,0.0,0.0,0.0,0.0,0,47
9.87933747989301,0.3348,0.23725311184119913,0.22492762330314112,0.33480000000000004,0.984,0.934,0.908,0.522,0.0,0.0,0.0,0.0,0.0,0.0,1,47
12.782120332931177,0.3749,0.2524187503362362,0.21258570278215458,0.37489999999999996,0.924,0.943,0.943,0.939,0.0,0.0,0.0,0.0,0.0,0.0,2,47
12.24712094559837,0.2736,0.12991328235299354,0.08620218217600399,0.27359999999999995,0.0,0.0,0.0,0.0,0.911,1.0,0.825,0.0,0.0,0.0,3,47
11.961345505028868,0.2734,0.12866658691041247,0.08504697718470965,0.2734,0.0,0.0,0.0,0.0,0.846,1.0,0.888,0.0,0.0,0.0,4,47
10.955057444282994,0.2706,0.12954221886408482,0.08718495073963657,0.2706,0.0,0.0,0.0,0.0,0.796,1.0,0.91,0.0,0.0,0.0,5,47
12.212000828581496,0.2726,0.1318853815604779,0.08881743033443652,0.2726,0.0,0.0,0.0,0.0,0.902,1.0,0.824,0.0,0.0,0.0,6,47
12.848154784010623,0.2733,0.1331712161121735,0.09094713617347014,0.2733,0.0,0.0,0.0,0.0,0.854,1.0,0.879,0.0,0.0,0.0,7,47
11.379711082568184,0.2675,0.12690262213146086,0.08495793939806949,0.26749999999999996,0.0,0.0,0.0,0.0,0.75,1.0,0.925,0.0,0.0,0.0,8,47
12.735192024669708,0.2722,0.1345670335861728,0.09306265105939751,0.2722,0.0,0.0,0.0,0.0,0.853,1.0,0.869,0.0,0.0,0.0,9,47
31.348778666779637,0.2795,0.1699043698683152,0.13824849797237732,0.27949999999999997,0.0,0.0,0.0,0.0,0.0,0.0,0.0,0.999,0.994,0.802,10,47
26.401344384629123,0.288,0.1765154788153416,0.1418718602155056,0.288,0.0,0.0,0.0,0.0,0.0,0.0,0.0,0.995,0.994,0.891,11,47
27.784548125708827,0.2888,0.17704469291251973,0.1414704918369052,0.2888,0.0,0.0,0.0,0.0,0.0,0.0,0.0,0.932,0.994,0.962,12,47
29.076042937013668,0.2897,0.1776251331856313,0.14231108301228582,0.2897,0.0,0.0,0.0,0.0,0.0,0.0,0.0,0.992,0.994,0.911,13,47
28.638265917476375,0.2908,0.17833127238615043,0.1426997637969905,0.29080000000000006,0.0,0.0,0.0,0.0,0.0,0.0,0.0,0.989,0.994,0.925,14,47
10.823481562800302,0.3737,0.25782526950342366,0.32025556627918067,0.3737,0.939,0.965,0.958,0.87,0.0,0.005,0.0,0.0,0.0,0.0,0,48
12.42504931867313,0.3727,0.2541788465239868,0.2161171160260799,0.3727,0.955,0.941,0.916,0.915,0.0,0.0,0.0,0.0,0.0,0.0,1,48
14.045420503463989,0.3749,0.25416499006616855,0.21514467494899409,0.37489999999999996,0.912,0.949,0.958,0.93,0.0,0.0,0.0,0.0,0.0,0.0,2,48
12.37686729126464,0.2737,0.1313022549285297,0.08785098034337954,0.2737,0.0,0.0,0.0,0.0,0.908,1.0,0.829,0.0,0.0,0.0,3,48
11.975042739234413,0.2732,0.12874885874015557,0.08523176122285955,0.2732,0.0,0.0,0.0,0.0,0.839,1.0,0.893,0.0,0.0,0.0,4,48
11.004355599705022,0.2718,0.13000742353635913,0.08733672339387757,0.2718,0.0,0.0,0.0,0.0,0.81,1.0,0.908,0.0,0.0,0.0,5,48
12.32177035724774,0.2735,0.13233590298685144,0.08916443238859227,0.2735,0.0,0.0,0.0,0.0,0.902,1.0,0.833,0.0,0.0,0.0,6,48
13.034398737045143,0.2738,0.13298140234157071,0.09039158198250315,0.2738,0.0,0.0,0.0,0.0,0.868,1.0,0.87,0.0,0.0,0.0,7,48
11.32785511321534,0.2677,0.1269836939205911,0.08498611617709417,0.2677,0.0,0.0,0.0,0.0,0.752,1.0,0.925,0.0,0.0,0.0,8,48
12.610286054519799,0.2729,0.13519661355429574,0.09370218375878833,0.27290000000000003,0.0,0.0,0.0,0.0,0.852,1.0,0.877,0.0,0.0,0.0,9,48
32.372349912747026,0.2885,0.17677042861019637,0.1420232212521059,0.2885,0.0,0.0,0.0,0.0,0.0,0.0,0.0,0.994,0.994,0.897,10,48
26.234097243117066,0.288,0.1765570032372588,0.14199455604098987,0.288,0.0,0.0,0.0,0.0,0.0,0.0,0.0,0.993,0.994,0.893,11,48
28.4546566801711,0.2911,0.17920189814962423,0.14364573390971358,0.29109999999999997,0.0,0.0,0.0,0.0,0.0,0.0,0.0,0.975,0.994,0.942,12,48
29.000548987342906,0.2907,0.17839264875393837,0.14286470081906022,0.2907,0.0,0.0,0.0,0.0,0.0,0.0,0.0,0.993,0.994,0.92,13,48
29.89612766424307,0.2903,0.17820913796107857,0.142850580728125,0.2903,0.0,0.0,0.0,0.0,0.0,0.0,0.0,0.989,0.994,0.92,14,48
13.908222408721242,0.3749,0.25443492428311804,0.21478517402548744,0.3749,0.941,0.958,0.944,0.906,0.0,0.0,0.0,0.0,0.0,0.0,0,49
11.85744736065118,0.3754,0.25781629228115516,0.22071330405263218,0.3754,0.927,0.949,0.954,0.924,0.0,0.0,0.0,0.0,0.0,0.0,1,49
13.58939121477901,0.3744,0.25013326960512844,0.20962355015491702,0.3744,0.932,0.946,0.935,0.931,0.0,0.0,0.0,0.0,0.0,0.0,2,49
12.292863026213722,0.2735,0.13197817876587908,0.08875056730945557,0.27349999999999997,0.0,0.0,0.0,0.0,0.904,1.0,0.831,0.0,0.0,0.0,3,49
12.229250731178746,0.2739,0.12905692854469317,0.08537736557780484,0.2739,0.0,0.0,0.0,0.0,0.847,1.0,0.892,0.0,0.0,0.0,4,49
10.985493609699578,0.272,0.13017314511917985,0.08745091030765435,0.272,0.0,0.0,0.0,0.0,0.814,1.0,0.906,0.0,0.0,0.0,5,49
12.2829495603665,0.2742,0.13386362026865622,0.09087919937898462,0.2742,0.0,0.0,0.0,0.0,0.897,1.0,0.845,0.0,0.0,0.0,6,49
13.091514825059201,0.2742,0.13316646295220275,0.09052096869825003,0.2742,0.0,0.0,0.0,0.0,0.869,1.0,0.873,0.0,0.0,0.0,7,49
11.323913263436705,0.2683,0.12743544700391207,0.08539959129086096,0.2683,0.0,0.0,0.0,0.0,0.756,1.0,0.927,0.0,0.0,0.0,8,49
12.93769779449073,0.2728,0.13602897986797535,0.09496927437574224,0.2728,0.0,0.0,0.0,0.0,0.845,1.0,0.883,0.0,0.0,0.0,9,49
30.579794216460694,0.2892,0.17684288744076268,0.14148620120659672,0.2892,0.0,0.0,0.0,0.0,0.0,0.0,0.0,0.992,0.993,0.907,10,49
27.50954228849076,0.2881,0.17656421553458693,0.14191682393010163,0.2881,0.0,0.0,0.0,0.0,0.0,0.0,0.0,0.993,0.994,0.894,11,49
29.30662073494908,0.2756,0.16613605067445564,0.13451653802351574,0.2756,0.0,0.0,0.0,0.0,0.0,0.0,0.0,0.768,0.994,0.994,12,49
31.10110671070818,0.2903,0.17806240722650193,0.1425828601471998,0.2903,0.0,0.0,0.0,0.0,0.0,0.0,0.0,0.992,0.994,0.917,13,49
29.064480531710785,0.2897,0.17754382170904687,0.14223525812810828,0.28969999999999996,0.0,0.0,0.0,0.0,0.0,0.0,0.0,0.987,0.994,0.916,14,49
